"SubsetID","MinPD","MeanPD","MeanNND","MaxPD"
1,1.8358117646,61.9205739562182,18.495737598882,85.9864909776
2,5.7769390929,66.3173924265203,19.7014914669675,85.9864917745
3,1.1709612834,63.4792886441148,15.028874767629,85.9864917446
4,1.1287741295,63.5536229391455,15.26764960891,85.9864919331
5,3.6082291603,68.761021022384,18.490644822327,85.9864912659
6,1.8358117646,68.1563562421426,16.856992643804,85.98649009404
7,4.5574172014,65.479584318535,16.806523197527,85.9864917411
8,4.1458294283,68.410511652464,17.85549417135,85.9864923447
9,2.1515064624,66.629710937467,19.603740026772,85.9864917127
10,3.9020720006,63.5056249881929,17.499162030137,85.9864922132
11,7.1441113307,65.4158485676998,17.693215456909,85.9864912687
12,8.7999122178,68.7305939860332,20.741303596129,85.9864907638
13,2.7920379016,66.0490671575432,21.86678473019,85.9864913964
14,4.1555489376,64.8500677885379,13.74080436456,85.9864903552
15,2.5254806776,67.08636802534,14.8863758104,85.9864913927
16,4.943470016,66.5742675402514,16.396741838894,85.9864913904
17,3.6082291603,66.00752335879,14.82118100499,85.9864912998
18,5.537461252,67.4035782001453,23.72568184755,85.9864913001
19,3.255574362,67.50726820926,15.617187931615,85.9864922132
20,3.6082288442,68.2510975172647,16.9323787584,85.9864917127
21,1.067974692,66.4260900079853,21.57701792396,85.9864915841
22,6.6767603918,67.8820601303353,19.533183642975,85.9864916086
23,3.13275319,68.4390118602114,20.5281773506485,85.9864903208
24,2.0706303488,67.752536034815,20.345615452177,85.9864920901
25,6.4956638113,64.7226275145358,24.9878543095445,85.9864907943
26,2.7920379338,64.7264224827767,17.449374667225,85.9864906382
27,2.27879039,64.3362886951558,12.091914726975,85.9864908288
28,1.7949025496,65.4355940643073,21.326476633762,85.9864912656
29,6.420077438,63.2802349238279,23.9261404546,85.9864903492
30,4.3135468459,67.7038757303105,18.068749618748,85.9864907963
31,10.05062966,67.6095281450656,19.174536422314,85.9864915852
32,2.7920378384,68.5846664903685,21.854395464774,85.9864924069
33,7.926811298,59.0911008483411,23.0701746995765,85.9864908267
34,4.313546909,57.8958628998968,18.33647115982,85.9864925663
35,2.47588211,63.610092517831,15.951796694265,85.9864916143
36,1.1287741295,67.0572976982774,14.388792086057,85.9864909507
37,4.6331794735,66.1884060328566,17.847709561574,85.9864906658
38,5.70599453434,69.5213329553788,16.736071425321,85.9864904086
39,5.62566407524,66.5618958233014,22.371646832391,85.9864917127
40,5.6308779777,67.4696593815186,17.977026183815,85.9864910808
41,0.9168774012,66.4707399906907,20.899834590005,85.9864913904
42,3.9020720006,64.7278930352253,18.92178012401,85.9864907609
43,3.6082288442,66.2577983130095,16.95340276171,85.9864906663
44,2.6865447238,66.9746934596561,16.740018080479,85.9864910396
45,5.6308779777,67.3954214396507,21.206589970847,85.9864908551
46,3.7115093179,59.4668178028774,18.4213952138245,85.9864911435
47,9.5972099149,64.3635221227572,21.191620218504,85.9864910484
48,2.4373876922,67.2407122880747,15.38508134274,85.9864903495
49,9.2738386412,64.0723270515948,28.289500976232,85.9864912956
50,4.5911790884,66.8044163968049,15.515086864871,85.9864920886
51,7.271142798,68.5675508832333,18.447159025628,85.9864915781
52,8.0208820795,65.3917387085963,16.754361027425,85.9864916151
53,2.928019428,66.3138441202887,16.993894678899,85.9864914875
54,0.2136514338,66.8945931417632,21.31448314394,85.9864908551
55,3.9020720006,64.3195723813166,16.029046177284,85.9864908275
56,4.3135468775,65.6195711033114,16.960087907811,85.9864910755
57,5.9637521006,68.1562479220789,19.28941311421,85.9864904484
58,2.5720437269,67.324041391145,18.140162690804,85.9864916143
59,2.4086519957,64.7039178821207,20.299424505067,85.9864913607
60,2.107558252,67.3232068216473,12.246130565019,85.9864906649
61,1.1709612834,64.6838866602175,23.886906159594,85.9864910419
62,2.567644734,67.4468277763108,15.652385034951,85.9864922132
63,6.4956636213,67.5501028192022,18.828054359876,85.9864903507
64,2.711255442,66.8682541126526,20.291949257225,85.9864907292
65,3.7115093179,66.6773511613897,12.468751667392,85.98649088704
66,1.1287741295,64.6005635544989,19.751442599901,85.9864909875
67,1.067974692,65.8489500388172,20.079556982777,85.986491615
68,4.5574172014,65.128802817614,19.020826125432,85.98649038444
69,4.3135468775,66.4096506038175,23.0196233680115,85.9864922456
70,8.3287996922,67.8385318923635,20.083141862861,85.9864915836
71,0.3992397754,67.818628962741,21.47106827504,85.9864900385
72,3.6082291603,67.7549254922861,16.105219841772,85.9864913003
73,0.831873366,61.7893971222642,19.35279377145,85.9864898072
74,0.8948449048,66.9647490470421,15.336828808985,85.9864917087
75,2.045338152,64.8409590531211,13.903858652445,85.9864915836
76,7.926811298,67.9284848341271,21.216613365565,85.9864917747
77,6.4956637474,69.26187560101,23.95603926704,85.9864912961
78,3.6082288442,66.6655633697956,18.006596849174,85.9864903495
79,0.6883504984,67.6654085534024,16.664849917755,85.98649108
80,5.71195729114,65.2276961058128,21.171141858849,85.9864902509
81,3.1216530196,68.1564069082719,18.976680154395,85.9864910419
82,2.9151301757,67.0139965092323,18.905705795437,85.9864913002
83,5.140576272,67.6917175825163,17.11085672227,85.9864909765
84,9.1736092948,68.486412307004,18.125747154871,85.9864919293
85,6.4956636209,68.5062534892801,23.160300533716,85.9864924069
86,7.5705688536,65.9328897248272,27.300022264369,85.9864905715
87,1.1287741295,67.7384445032239,18.75874686121,85.9864917401
88,1.4343186836,67.3162212901208,21.390588403064,85.9864907922
89,10.2999078346,68.8001096322566,23.442555430709,85.9864903536
90,2.889526116,65.9286623085474,22.723092867585,85.9864919019
91,0.6488770492,60.829577580079,16.138530237514,85.9864912997
92,4.61471617524,69.9969910304796,21.4969280234095,85.9864915836
93,1.7285704214,65.1308046398758,14.63060557472,85.9864919256
94,2.4373876922,68.00643580799,16.92967320162,85.9864919266
95,2.9151301757,65.7660429661247,19.090809028485,85.9864920886
96,2.4373876922,58.0662425972629,17.827741310674,85.9864912665
97,2.6205933702,67.8101709372747,21.901680294545,85.9864912015
98,4.3135469091,67.9687594710324,17.122463550919,85.9864917127
99,2.7920379016,67.9386932297887,14.943772472069,85.9864912687
100,3.0350250265,65.9782296441887,18.564686874434,85.9864915193
101,4.3150125655,67.8828499178041,18.083294783713,85.9864906339
102,3.0350252161,68.4051841576684,20.307048673935,85.9864909847
103,2.820517726,68.1374442910508,21.820906231569,85.9864915836
104,5.6256641637,67.0518868678512,17.276975740558,85.9864917446
105,4.138655654,67.7545859118294,19.241715187882,85.9864911376
106,4.5574172014,67.4001292161851,19.144661962414,85.9864913904
107,2.5720437269,66.2420629844953,13.702460674425,85.9864906338
108,2.46463612,67.7433884578057,19.778939566392,85.9864914562
109,3.7115093179,68.0536510893151,16.163010093614,85.986490757
110,5.243142528,67.8122498113384,17.892945938145,85.9864910798
111,9.164672728,68.8192775467961,20.827713876304,85.9864911395
112,3.9731533734,65.6845798423057,19.103854154741,85.9864905676
113,3.9020720006,67.2691340139107,22.342138068715,85.9864910802
114,4.6331797259,66.8952310581734,20.9665951024625,85.9864912975
115,2.5254806776,69.5362969479755,20.6460903211225,85.9864911697
116,0.836406392,66.8096441224035,25.098928383602,85.98649022404
117,0.6883504984,67.9516537955372,11.996015605604,85.9864909847
118,3.7115093179,67.0311739105319,18.055172478789,85.9864917345
119,0.2136514338,66.5662167033693,16.529286764859,85.9864906647
120,3.9020720006,64.029230297719,18.44019460272,85.9864910803
121,5.6256641322,68.0216117967945,16.894930528272,85.9864913002
122,5.6256641005,66.8653847165787,29.278380010162,85.9864907645
123,0.2136514338,66.5280455691139,16.97453843379,85.9864904447
124,2.928019428,67.9332246154385,17.245930997411,85.9864909475
125,5.7533297818,68.5552887253079,22.335631695725,85.9864913009
126,2.889526116,66.758378484134,18.568875171734,85.9864909471
127,8.454885904,65.2620726493245,23.354362880117,85.9864916086
128,2.5254806776,67.6467593670145,19.307858771176,85.9864903799
129,2.1515064624,67.8129534723242,18.53000327102,85.9864912998
130,5.520167604,66.7400401275705,24.38667363793,85.9864900413
131,1.1709612834,64.4969224772682,17.876365247749,85.9864907609
132,4.3135470671,67.6331967949951,19.159039545212,85.9864919252
133,2.4373876922,65.3779898281145,18.076406968236,85.9864918306
134,2.7920379338,63.0055428756093,10.523990508602,85.9864910755
135,4.74337250935,68.063210773179,15.102746270514,85.9864924079
136,1.067974692,62.61430739365,9.43547559857,85.9864910753
137,5.70599443954,66.0248567374014,21.760745684924,85.9864915862
138,0.2188884402,64.6405118034684,15.98851451221,85.9864913011
139,0.831873366,58.087658591994,18.213760080992,85.9864907964
140,2.7920379016,65.3724915406502,16.708169897654,85.9864912665
141,2.711255442,68.1941367877293,19.925694830259,85.9864912656
142,5.6308779777,67.4361704969632,15.740369440941,85.9864922132
143,4.313546909,68.2729035233856,22.126301977714,85.9864903166
144,1.5782429274,67.0825152290371,16.49688181777,85.9864907604
145,5.6256643218,69.1998107499353,20.72774465441,85.9864909471
146,4.53796981,67.5702619995368,15.70135138645,85.9864907575
147,0.2136514338,62.4631313987316,22.403232568535,85.9864910802
148,4.9493325172,69.5975216501893,22.372488538757,85.986490354
149,2.928019428,66.6470920550116,21.279852372392,85.9864900385
150,2.1075583784,66.1527547442382,15.072614316739,85.9864902221
151,7.5705688536,67.6046858081805,23.82231539449,85.9864912998
152,3.13275319,68.8469108235956,22.463088135297,85.9864909865
153,0.3992397754,68.4815671433114,22.7950676724655,85.9864907964
154,5.6308781356,66.7041341361834,21.757203389375,85.9864922446
155,2.6205933699,67.405571189169,20.6416255118795,85.9864913002
156,6.2706099197,65.7049732157547,20.93107111174,85.9864913003
157,1.5557319582,67.7775829087691,22.2912074628805,85.9864915852
158,6.488322762,68.3995917425464,22.605587688878,85.9864906699
159,4.6331794413,67.386757842109,18.066919497698,85.9864910802
160,0.8948449048,67.2247241665932,20.782894255345,85.9864919256
161,4.3135470355,65.9584246642576,12.988455061265,85.9864916146
162,2.045338152,63.7334333898305,12.95992594822,85.9864912998
163,2.7920378384,66.2286231493542,16.932785348825,85.9864909842
164,7.9454222227,61.0763484022132,20.409726053445,85.9864911395
165,8.454885904,68.236260929323,19.614830762114,85.9864914552
166,10.0151453263,63.9868826487648,22.847174981198,85.9864903532
167,3.6082291603,65.4587791308958,20.93641859825,85.9864910419
168,4.1458294283,66.255268776888,22.896354774332,85.9864913001
169,3.828413328,66.858220245058,21.720098706338,85.986491618
170,0.5082199626,67.481887874877,17.654739868832,85.9864901321
171,2.4373876922,66.3795436428433,13.612335009417,85.9864917128
172,2.7920378384,63.9431242282732,17.85608653562,85.9864913003
173,0.8948449048,67.3636206976245,15.753523874502,85.9864915534
174,2.070630254,65.7060286268334,24.066171589845,85.9864916165
175,2.649422088,66.7055006132066,21.801089293335,85.9864907963
176,11.2915825374,66.4221604203068,28.82270239784,85.9864917401
177,5.42293620975,66.9167792845696,21.80437457485,85.9864901243
178,4.1555489376,63.4804268270237,19.489276830275,85.9864912685
179,2.131154862,64.0261768109456,17.991524980384,85.9864904413
180,1.5782429274,61.0329898507823,16.212030597135,85.9864918306
181,2.5720437269,67.2592850810445,23.2887298518225,85.9864906374
182,8.4548856199,65.5211159547419,19.270781414207,85.9864917127
183,1.5782429905,68.7037158432881,20.039336120457,85.9864908265
184,2.7920379338,65.464480589401,17.454554323735,85.986492248
185,4.74337250935,67.6639456296616,21.640672672124,85.9864908541
186,2.341049038,66.1814562875135,22.143404645622,85.986492248
187,4.61471617524,67.4519774258427,17.6575711900985,85.9864909507
188,6.6767603917,65.1806561407108,17.308940702162,85.9864919266
189,7.784421497,68.8086532782982,16.422745292829,85.9864927192
190,0.9168774012,64.8681405970681,19.484901504932,85.986490887
191,1.9944790548,66.7861398076777,19.824454140889,85.9864922132
192,8.328799787,67.0282982714216,25.73044692729,85.9864916155
193,8.4578696044,67.2947685865603,19.626562449032,85.9864913909
194,2.6168976316,68.4758308039919,19.439970663544,85.9864906375
195,2.6205933699,67.0702385640884,20.238006368765,85.9864910396
196,4.556064124,64.3502353575906,13.3000313852,85.9864913923
197,3.1216530196,67.2304994631226,16.273541435578,85.9864909187
198,2.7920379016,67.8709907051757,17.779944390606,85.9864909821
199,3.1019496303,64.4031862353135,19.675784496807,85.9864910807
200,1.941938999,65.7333132967558,15.13995459481,85.9864919289
201,2.928019428,65.468528173467,17.111423438734,85.9864906703
202,2.4086519957,67.7541819159394,16.4107868126945,85.986491297
203,0.9168774012,67.5577711553103,13.785399628921,85.9864921853
204,6.4956633996,67.5754639316327,14.517202211734,85.9864913011
205,5.6308781356,66.9937957307102,18.009513819027,85.9864910484
206,10.2999065706,65.0499599805781,26.7226237845755,85.9864917446
207,0.836406392,65.3194131554419,15.380267180467,85.9864909809
208,7.014284671,67.4627598622206,18.255582655441,85.9864907567
209,2.7920379338,63.2146699050593,16.076242677882,85.9864919293
210,0.8948449048,67.7397886667548,20.295053404023,85.986491361
211,6.4956634318,67.9425234943626,19.712901525935,85.9864918995
212,2.1075583784,63.6036688892956,23.555726074779,85.986491615
213,4.774554568,64.2535777525095,22.060971596295,85.9864909807
214,0.7361459546,66.2454353729751,18.658706925884,85.9864913904
215,6.0681752169,67.2544691890235,17.572076083192,85.9864914871
216,5.6308780725,66.6681899639582,21.428107449718,85.98649009824
217,4.5574172014,67.7184156881058,17.840109688185,85.986490757
218,5.6308780725,67.1965487051465,16.802192503537,85.9864907645
219,5.9637521006,65.3530999157361,24.554179505299,85.9864913001
220,4.1555489376,66.1508250508745,21.002062427762,85.986490409
221,2.341049038,68.648739192173,14.824502342754,85.986491201
222,0.3306075148,61.6379483935945,15.999073487489,85.9864912672
223,2.928019428,67.9772701725698,17.924364095739,85.9864904399
224,1.0878226378,61.2706591299464,17.589951833688,85.9864901951
225,8.4578696044,66.2148274124744,24.089684884586,85.9864907635
226,3.00896199,67.0843654601384,15.667266222085,85.9864910484
227,2.070630254,69.0226070246934,22.025555443332,85.9864909521
228,4.5911790887,67.6706333258853,24.6453194203015,85.9864913909
229,5.6308779777,67.836106266837,20.388226002422,85.9864928776
230,0.5082199626,62.3742835875972,16.854275092647,85.9864916176
231,5.7769388405,66.3444621317317,24.861959533009,85.9864904127
232,2.0706304119,68.9354384964639,20.491700523275,85.9864905715
233,8.328799787,65.5931189469908,23.025236548124,85.9864912998
234,2.820517726,65.5528557045098,17.813056320576,85.9864914591
235,8.78228876,64.9516387004521,21.942172850795,85.986491616
236,2.46463612,65.886624764971,16.619246393605,85.9864907606
237,2.6205933702,68.0792028942744,17.9560091653835,85.9864910484
238,0.836406392,67.5354661145245,23.28480154736,85.9864912932
239,0.9168774012,66.9539630817123,15.767595915582,85.986491297
240,8.3287996922,68.0492779738014,22.589853900764,85.9864920886
241,1.0878226378,67.4256992844956,17.304403107774,85.9864909811
242,0.6488770492,66.9834650713235,14.822922607919,85.9864902519
243,4.3150125655,66.5766376131125,16.123545082154,85.9864915781
244,3.13275319,67.0319637475914,19.378398238554,85.9864909846
245,0.3465695404,65.569315379187,20.599538976259,85.9864904159
246,4.61471633334,66.6642183363512,18.2166739936,85.9864921863
247,8.7369759721,65.2929281706514,25.321001140577,85.9864906416
248,8.3287995034,65.2663431431896,25.654823635907,85.9864913011
249,3.0350250265,62.2595391129358,20.534090611595,85.9864913914
250,1.5782429274,67.4594117777105,19.354173494558,85.9864911116
251,4.138655654,67.3352665736529,18.022333473626,85.9864919266
252,5.6308780725,68.1990355532953,22.877370244953,85.9864911429
253,4.5911790887,66.7831431990656,22.625338597494,85.9864916165
254,4.138655654,67.1784299460194,16.978974740007,85.9864917087
255,2.711255442,62.742684765014,17.335771832231,85.9864906698
256,2.4373876922,63.7031841938161,21.328527522397,85.986490132
257,3.9020720006,65.239889874946,22.2174878525375,85.9864912956
258,2.525480646,67.5234195449387,17.582451227655,85.9864916185
259,2.7920379338,67.0312081114722,18.464836671198,85.9864920896
260,3.1019496303,66.5001550635511,17.145987365184,85.9864912932
261,4.5022652461,66.8756845975124,15.770396291457,85.9864918995
262,1.0865372736,64.1054740472868,17.64150065469,85.98649035
263,3.00896199,66.5072866883487,21.569417265392,85.9864908288
264,6.51100972755,66.0059131235609,21.788907420548,85.9864909541
265,1.1709612834,68.0950636605343,18.4471629088565,85.98649202
266,4.6331797891,66.1427311955435,22.9287242703115,85.9864907603
267,5.625664132,68.4521617091496,18.562410950934,85.9864903453
268,3.4395129,65.2802578280572,19.212937742397,85.986491396
269,8.2527794304,61.7285744581746,16.98280938746,85.9864913001
270,2.6168976316,63.0792575422966,18.9717359671975,85.986490952
271,1.1709612834,66.5687432775689,17.33850731479,85.9864914871
272,4.774554568,68.4146732563164,20.5162294422465,85.9864906703
273,3.9731533734,67.8099751438165,18.616052902148,85.9864912685
274,2.7920379338,66.8586021494572,20.198309522361,85.9864905066
275,2.0706303488,66.8490576869032,17.130218341673,85.9864908525
276,1.5782429905,64.6809474729444,17.374292719615,85.986490354
277,8.0208820795,66.3626027638508,27.705865089097,85.9864912656
278,7.1441113307,66.3323230467421,21.50264763596,85.9864909831
279,1.067974692,64.8026983704587,16.3894014181225,85.9864916181
280,4.61471633344,63.7404217962335,23.642178537421,85.9864921863
281,1.7292870404,66.695714778514,21.613422735969,85.9864914591
282,5.7769387766,66.0609229832537,21.12367984741,85.9864898811
283,0.3992397754,68.9205251535048,16.418976432651,85.9864911697
284,1.5782429274,68.2403722767955,17.777424194832,85.98649072504
285,1.1709612834,66.8929103053216,22.700983216935,85.9864910753
286,3.1019496303,67.4833126281777,18.321453393239,85.9864907609
287,1.1709612834,66.5566810875445,24.482915974677,85.9864908551
288,1.5782429274,68.413946282908,17.94495765062,85.9864906416
289,1.8358117646,63.892384115864,18.653755567874,85.9864913001
290,5.70599475544,67.0683805464801,22.541387265351,85.9864903578
291,2.7920379016,67.5048719834926,17.747222966325,85.9864917446
292,0.3465695404,66.8124155884519,17.384567507417,85.9864910802
293,1.7292870404,67.5114143367508,21.985067061344,85.9864927192
294,1.0878226378,65.3351654674255,18.6690463409175,85.9864910802
295,5.5701103903,66.7014891271235,17.661125502569,85.9864912932
296,5.7769388405,67.4592027610347,22.82587997886,85.9864916117
297,6.0681751535,67.260616371954,18.624871888329,85.9864903495
298,3.7115093179,65.9956205177184,20.660534039125,85.9864919266
299,3.616479884,64.4249801795322,28.280629926791,85.9864912971
300,2.4086519957,65.9975699810693,24.305636075609,85.9864910797
301,2.6865447238,67.8327171066527,25.555961939998,85.9864913904
302,6.0681751537,66.7272012432422,16.442210608953,85.9864910807
303,5.537461252,67.2300350396245,21.5761039911075,85.9864919333
304,1.1287741295,69.3187980383025,24.5441924536045,85.9864913002
305,3.1216530196,65.5597394809629,22.982486895122,85.9864915841
306,7.1441113307,66.1363933487137,20.108812987645,85.9864912656
307,4.7045914128,66.0320881671263,21.140839070029,85.9864915781
308,4.5574172014,68.3817634629129,20.021112666219,85.9864910753
309,3.0350250265,65.9263986023317,14.311648866394,85.9864907288
310,4.50069614,67.6841593878784,17.32482863263,85.9864913002
311,6.8900007179,62.3669835169466,18.752905392202,85.9864913964
312,2.7920378706,65.3643068555629,22.863388163452,85.9864901631
313,0.3306075148,63.8735763768226,13.199800536767,85.9864906663
314,4.61471633334,68.0625273916314,23.749340631421,85.9864914562
315,1.7292870404,65.8489637756287,15.284745509744,85.9864907644
316,2.9151301757,67.3519641337782,19.825610087904,85.9864908267
317,2.7920378706,68.1941246147561,15.427768355827,85.9864919252
318,6.890000686,66.1396872826368,25.37100207524,85.9864917127
319,2.7920378706,64.7135000970284,19.189731115725,85.9864913011
320,2.711255442,63.9919055010297,16.831780579417,85.986490729
321,3.00896199,67.9262808089364,20.437253205814,85.9864922456
322,2.7920379016,66.6858879895303,16.360684156962,85.9864913923
323,4.7045914759,67.9250982132057,15.865983225174,85.9864910794
324,1.067974692,67.7012907514019,18.405429742717,85.98649006504
325,1.1709612834,67.298713086245,18.400518479139,85.9864924079
326,4.53796981,63.9397395147319,23.2777304262035,85.9864907646
327,0.2657049594,67.1647792027682,18.4664173092225,85.9864912026
328,8.696757151,60.8119963087174,22.49598787926,85.9864914871
329,1.7285704214,62.8893949435793,11.980004011974,85.9864919266
330,2.6205933699,66.6445733565714,15.070976275009,85.9864903457
331,3.0350250897,68.6518016534953,23.2275932306935,85.9864916185
332,1.7292870404,66.1290865692553,15.22331348397,85.9864917128
333,0.836406392,65.9990515283277,15.523264981339,85.9864914591
334,0.7361459546,68.4836050848856,14.773585676144,85.9864906966
335,0.836406392,65.6382731199498,16.766267745714,85.9864922446
336,8.3287995024,65.7020320459183,21.15868248797,85.9864903536
337,9.525250274,68.4324851483975,19.91810507742,85.9864913964
338,1.4343186836,65.4097268913322,21.062376764303,85.9864917411
339,0.8948449048,67.5693686855716,19.544603159985,85.9864912645
340,4.5022652461,67.4750887582594,12.168279373787,85.9864906702
341,4.3135468775,66.7605666559532,21.707379106405,85.9864918995
342,2.7920379016,67.5948532124766,17.1615262126725,85.986490729
343,3.0350250897,66.3820052394998,15.382916700988,85.9864906055
344,0.7361459546,67.353527064035,22.763363638249,85.9864915841
345,6.4956636848,65.5693310382819,21.007259595032,85.9864913904
346,3.4395129,68.6111429240703,18.146492193509,85.9864912351
347,2.0706303488,67.4250051802085,15.8378913451,85.9864913923
348,0.2657049594,64.9779604455595,20.001270181345,85.9864909541
349,4.6331794096,68.0003986160073,25.077590495202,85.9864916181
350,4.3135470671,65.335746533881,19.250687760625,85.9864912674
351,6.3682988703,65.8627517549417,24.761699790889,85.9864906363
352,1.941938999,69.0362540326343,21.7852218003665,85.9864917087
353,4.6331794735,66.7691207127045,15.132865228074,85.9864922449
354,2.6865447238,68.1053350710233,20.120454273338,85.986491297
355,2.9151301757,69.6359982421533,24.907541205836,85.9864913639
356,8.7369759718,66.672979102264,23.465508999094,85.9864907316
357,3.6082291603,67.6929708322161,18.679660553752,85.9864922446
358,3.0350250897,65.5936675660779,17.95549733162,85.9864915836
359,5.776514366,66.6131107042306,25.0771706666135,85.9864913011
360,8.3287996922,66.6754350277437,22.0987983694265,85.9864919252
361,3.7115093179,64.2068029333357,20.829200922256,85.9864903212
362,1.0878226378,68.7249918756913,14.239823099962,85.9864908552
363,4.943470016,68.1231422304301,24.164698726293,85.9864917735
364,5.6256643218,65.8653248693495,28.8309550624315,85.9864920886
365,1.067974692,62.43978586258,23.0862303749,85.9864903465
366,2.6865447238,65.2368930718945,16.082022306709,85.98648977854
367,3.7115093179,67.7167936586382,14.156806014452,85.9864914232
368,0.836406392,67.1592871991903,14.6431921114475,85.9864912993
369,2.341049038,66.8074294632074,15.935587027485,85.9864916185
370,1.9434177368,63.9789481096847,16.097525482951,85.9864913965
371,10.8826313105,67.9086528907557,23.95330173922,85.986490314
372,4.1555488428,66.6029209729442,15.04501651646,85.9864908551
373,3.6082288442,63.1011229898153,19.058068376905,85.9864907926
374,3.6082288442,68.3792070978195,18.7986556849845,85.9864909475
375,0.3992397754,68.2870059978805,17.87307458356,85.9864904086
376,1.1709612834,63.8661902113227,15.545287499378,85.98649202
377,0.9168774012,68.3597459381777,16.284505022886,85.9864917706
378,4.61471617544,67.6749674118235,21.1648822643275,85.9864919289
379,2.6205933699,66.8607063227984,21.069751195377,85.986490952
380,2.6205933699,67.3063918386117,19.441180560921,85.9864912993
381,6.4075994837,65.8832340408311,21.84784395827,85.9864919289
382,2.1515064624,64.713760393672,19.125408032935,85.9864912665
383,2.4373876922,67.053868844038,21.203743487787,85.9864904086
384,7.2091312371,65.128490073613,24.8805871916235,85.9864904478
385,5.520167604,59.5947996858916,21.43618552763,85.9864917117
386,2.711255442,66.3267190293963,17.18076038099,85.9864909513
387,4.874787074,67.0660798602898,20.675136602782,85.9864916155
388,4.6331794735,66.2596100987773,22.984750908247,85.9864920886
389,3.255574362,68.7789810316505,17.88605452882,85.9864909813
390,0.6488770492,67.5775143797956,16.657973203129,85.9864918965
391,6.4956633996,62.7890862630072,18.784772419757,85.9864903496
392,3.7115093179,63.2510653036727,21.465904771613,85.9864910808
393,7.271142798,66.1793151850147,16.88623748514,85.9864925562
394,4.3135468775,68.4860548384843,18.9723494758885,85.9864907606
395,5.70599453434,68.6349674548828,20.9750218880355,85.9864912977
396,8.8859436916,64.3531338823816,19.02525879082,85.9864909184
397,8.7822889171,67.4460778300476,26.8969240873575,85.986491616
398,3.9020720006,66.7920563463235,23.8800527519555,85.9864919019
399,7.0142846704,67.4684354499684,21.59525605953,85.9864912993
400,6.0135773456,67.5714854710724,19.751200326226,85.9864907959
401,5.6308779777,67.5806016177355,16.117476994375,85.9864912998
402,2.4086519957,64.9902071595116,15.277378718355,85.9864915836
403,2.4373876922,67.6269969693663,18.1045497962225,85.9864914601
404,4.3150125023,68.6073271095771,20.0776441833675,85.9864912685
405,2.7920378706,68.0258683506733,19.141670523661,85.9864912997
406,2.131154862,55.2238191784661,13.634005619289,85.986491298
407,4.61471620694,68.6006576443279,14.621055555317,85.9864909842
408,4.74337250935,65.2577777094348,20.193720817856,85.9864907644
409,1.1287741295,68.4782599840894,17.0596404859945,85.9864907638
410,0.470230433,67.0267604840591,20.590488085793,85.9864911116
411,4.309011292,66.1430281736824,21.657395581229,85.986491396
412,2.1515064624,66.1793137503898,19.866925697697,85.9864917745
413,2.5720437269,64.1023501179921,16.49997054557,85.9864903494
414,2.6168976316,68.3789004626087,17.918784130504,85.9864908551
415,0.2136514338,66.1713101637803,20.430085461109,85.986491616
416,4.61471633334,66.467047975804,22.199968712451,85.9864912971
417,2.7920379016,67.1046577262371,20.286518539076,85.9864908291
418,4.61471614374,66.7868980116482,19.649626061223,85.9864913639
419,1.7285704214,68.8977825488452,16.860954279944,85.9864914552
420,2.6865447238,65.1223017273285,20.3939066976945,85.9864910802
421,9.109108212,68.5199917494452,19.237915882721,85.9864906702
422,3.1019496303,59.9452282365298,21.865427762417,85.9864917127
423,1.5782429274,67.8084725767879,17.536024042724,85.986491615
424,4.1555489376,66.9248935490982,15.399260365929,85.9864909763
425,3.9020720006,67.2477292616738,17.94077698896,85.9864906698
426,4.5022652461,67.4710350888556,19.721704022096,85.9864912999
427,2.525480646,63.5577523083248,21.572784947933,85.9864901631
428,4.3135470671,68.4723703648791,17.227479447498,85.9864916185
429,4.5574172014,64.5578951281916,11.81607424009,85.9864904403
430,2.6205933702,65.0697223236219,19.6125826227455,85.9864913964
431,2.0706303488,64.7484627807761,22.986979779764,85.9864913965
432,2.7920378384,66.1737186061563,19.505411365095,85.9864906689
433,5.70599453434,67.2797506013859,20.263419629788,85.9864909502
434,0.8948449048,68.403654114629,20.172740423356,85.9864906966
435,5.3173005917,66.5049547318908,18.665828688062,85.9864915781
436,1.9944790548,67.514609963603,13.268707949529,85.98649057114
437,2.107558252,65.2422181830468,17.7435728019,85.9864924069
438,3.6082288442,66.9208046761459,22.016384796039,85.9864920891
439,4.61471636504,67.998674010559,19.702088378515,85.9864912993
440,2.47588211,66.6182487700629,14.480903046784,85.9864912351
441,0.6883504984,62.6239003129356,15.984282146532,85.9864907943
442,2.7920379016,69.3826922446982,19.116955088176,85.9864909513
443,4.61471633334,66.0762066976522,17.702699935053,85.9864912977
444,4.7045914759,65.6947142461547,21.862282559283,85.9864917446
445,2.6168976316,63.8571410094004,20.521219258856,85.9864914274
446,2.525480646,64.6416280624435,24.651320249671,85.9864917735
447,4.136328854,68.053589638475,17.477592763987,85.9864914567
448,6.51100972755,69.0106515862053,21.450178638912,85.9864907922
449,4.106026108,62.8191041509415,18.301372107127,85.9864921853
450,4.74337250935,66.4689454920392,23.68310720222,85.9864910755
451,1.1709612834,66.5886400129251,16.419956267387,85.98649202
452,2.5254806776,67.2722721270321,17.772393244475,85.9864911126
453,0.6883504984,60.6657725812947,15.646420917985,85.9864919019
454,6.4075991677,59.2781692396768,16.15598164388,85.9864910483
455,0.836406392,65.3594702517105,20.401958384575,85.986490516
456,5.71195729114,65.0513187525825,19.030892302597,85.9864903537
457,7.0142846708,67.9055524832286,22.387557602015,85.9864908525
458,1.8358117646,68.6140821629083,17.7792447739685,85.9864913923
459,0.5082199626,63.6334714049972,16.691252553631,85.9864900348
460,4.7045914128,66.8993988427239,20.880242523985,85.9864917745
461,2.5254806776,67.5365201363078,18.3400672982865,85.9864917988
462,7.9454234864,63.5455264279745,22.8423438876975,85.9864913002
463,4.61471614374,66.3295696205959,21.279573907435,85.9864922449
464,4.1458294283,67.4583873261743,17.978285353916,85.9864916185
465,5.6308779777,66.6703233598887,22.004886134752,85.9864924079
466,8.736975972,65.7776489272279,25.782191234325,85.986491306
467,4.9493325172,66.8199928196547,13.31825375425,85.9864905034
468,2.6205933699,68.2177114387946,15.092201730975,85.9864912669
469,2.1075583784,65.7308982525268,19.130582424885,85.9864919343
470,3.0350250265,61.7197459821167,19.170079507397,85.9864917706
471,4.5574172014,68.2988638511172,21.525595658067,85.9864910755
472,2.7920379016,68.2332721822635,19.681309946032,85.9864909471
473,2.6168975052,64.1821986528293,22.839636136424,85.9864915852
474,0.836406392,66.6504098818747,23.370423146715,85.9864922485
475,4.3135469407,66.0860789591467,19.660120922465,85.9864915781
476,2.4086519957,66.0517340915598,19.596857433026,85.9864906669
477,2.6168976316,65.4775563781192,21.8608396062025,85.986491264
478,6.4956637481,66.0471959877517,17.798463313051,85.9864916803
479,6.7339063046,66.7535652260558,26.94315369609,85.9864912998
480,1.1709612834,65.8003137179345,17.590685993741,85.9864914567
481,4.3135469407,66.2503001454145,17.685264464224,85.9864906976
482,4.1555488428,65.9675185003659,17.949370237518,85.9864910755
483,7.926811298,67.8066457561379,24.593322016,85.9864912998
484,4.704591318,69.3463574683048,20.801053401988,85.9864918306
485,8.7369759721,66.7775933678553,25.40028980999,85.9864922485
486,0.7361459546,65.2790992701716,16.210451715855,85.9864905034
487,4.138655654,68.2901976412084,22.022464070955,85.9864913011
488,1.5782429905,63.358644557027,14.06601897542,85.9864909818
489,4.61471617544,65.5281022357275,18.520122188628,85.9864903537
490,5.62566407524,65.8730787141619,19.092312547211,85.9864910802
491,2.47588211,68.1287544299026,22.38804981409,85.9864916165
492,1.8358117646,63.8300142925237,20.966275520935,85.9864925663
493,0.5082199626,67.2721165218292,17.04501791849,85.9864909513
494,4.9493325172,65.8877274487866,19.334387181117,85.9864916146
495,9.2738389576,67.841183914834,23.335728304229,85.9864909512
496,2.7920379016,65.2333878785058,18.059654292975,85.986490039
497,10.0151450103,69.0952465150053,24.284639338728,85.9864912669
498,1.5557319582,65.0155764064529,16.846502323196,85.9864906374
499,6.420077438,68.1621869538108,20.535267241582,85.9864927192
500,1.5782429905,68.0620360623918,17.450121084795,85.9864912343
501,2.7920379338,69.2202674378216,21.194247031425,85.9864909508
502,0.9168774012,67.939597413615,16.621890618784,85.9864904403
503,2.47588211,67.9360464333377,15.462167298439,85.9864920886
504,11.744538218,67.6425535735488,26.123982092337,85.9864914601
505,5.71195729114,65.1090994405245,22.145969486614,85.9864914601
506,3.9020720006,66.9441953050724,23.090431383542,85.9864903537
507,0.3306075148,68.2310749095553,16.8676586524,85.9864918965
508,2.5720437269,66.6463807769214,16.470246170647,85.9864903507
509,2.6205933702,68.1001409327206,22.0462387861615,85.9864913003
510,3.1216530196,66.6032286296014,12.213664712612,85.9864919289
511,2.6168976316,64.9892284846596,11.480308712876,85.9864906345
512,6.0681752169,68.5205513300448,20.287672239212,85.9864912016
513,10.8826297301,67.3935351825869,22.728293617326,85.9864906703
514,0.470230433,63.8000362816773,20.043873898043,85.9864921863
515,4.1555489376,68.2611269214579,20.296331108265,85.9864912675
516,3.1019496303,65.9958455374058,19.990119157925,85.9864924069
517,4.3150122499,67.9763240745778,23.042830131972,85.98648946514
518,4.5911790884,62.8779128338121,18.353063737625,85.9864919256
519,5.70599443954,67.3521253817124,23.258567702669,85.986492248
520,2.6865447238,65.9583919268221,15.898062690315,85.9864909807
521,0.5082199626,65.6112060923753,18.490853190172,85.9864920233
522,4.74337250935,65.5122072967013,25.5627447397825,85.9864913904
523,2.4086519957,66.3863557385556,14.914932466436,85.9864918995
524,5.520167604,68.1226168408326,17.443955374794,85.9864924069
525,6.488322762,65.3515177359795,21.663675169625,85.9864911393
526,0.8948449048,66.892846879151,17.601406741503,85.986491618
527,4.3135469407,67.2423111816693,18.712412751299,85.9864913607
528,6.7339062098,65.2033635461426,25.920414397235,85.986491296
529,3.9020720006,68.085338922859,17.774681973769,85.9864919289
530,2.4373876922,68.2073759942544,20.274223990297,85.986490259
531,5.6308779777,57.9410705606816,17.497187450693,85.9864907277
532,5.4229364936,69.1997514728262,21.241428124908,85.9864914601
533,6.368299186,69.2557316896437,21.216927335245,85.9864915781
534,3.4059480817,66.6516053787888,26.3142543332805,85.9864920901
535,0.3992397754,63.53196870256,16.121951464405,85.9864911425
536,1.7292870404,63.6944999041719,19.973806707727,85.9864909541
537,5.7769390296,68.9712747434288,24.26515327566,85.9864922485
538,5.4229364936,68.1079071565095,15.67818895308,85.9864913923
539,2.9151301757,68.218719566483,23.0693900004105,85.9864907567
540,0.2657049594,68.3145011262648,15.441140601898,85.9864904086
541,7.5491455787,67.6020917194324,22.838681620551,85.9864918995
542,3.13275319,67.7269362125869,21.124068510783,85.9864915852
543,4.3135470671,68.4604697730308,19.693162980674,85.9864916155
544,4.3135469091,66.5112838899144,13.808765153355,85.9864906659
545,3.9020720006,66.721187621782,18.2419646034705,85.9864910797
546,2.341049038,67.2398724733526,15.81097091923,85.9864913964
547,0.836406392,64.7725628618227,19.888266013959,85.9864903492
548,5.537461252,65.5776189319281,18.777072160478,85.9864906659
549,4.1555488428,67.5069592042177,23.1900230882935,85.9864909489
550,0.470230433,68.6553686060284,21.47286789197,85.986490887
551,5.7769391561,69.0046759059758,20.49255792935,85.9864912956
552,6.4956634635,68.759344153583,18.760316988464,85.9864907319
553,3.4395129,67.6378015814829,15.433058498522,85.9864912687
554,3.00896199,65.02212930847,20.008422179435,85.9864922446
555,3.7115093179,64.288653168633,20.222303883992,85.98649085904
556,6.6977154952,64.679580288678,23.158228778779,85.986491301
557,0.5082199626,68.5700976768792,17.014199235471,85.9864904123
558,5.42293620975,69.4485359812048,22.185666824404,85.9864914599
559,1.1709612834,66.8748097194704,18.453548317423,85.9864913904
560,3.9731533734,67.2643190682937,24.4833439061745,85.9864907609
561,1.5557319582,66.9197627077131,16.9119121248395,85.9864912977
562,4.1555489376,63.7160694154435,16.921940192179,85.9864919271
563,5.9637521006,64.0024479114566,24.3763625777225,85.9864916143
564,3.9020720006,64.4034515071776,15.8290743101075,85.9864916146
565,0.470230433,67.2686595197729,12.101367829147,85.9864910802
566,2.7920378384,66.3984080616984,17.24821234684,85.9864907963
567,0.831873366,64.6594548801347,20.892368095755,85.986490729
568,4.53796981,66.6978908959703,21.600502606769,85.9864910755
569,6.0681751537,67.5959267769308,17.034359395816,85.9864912937
570,0.831873366,68.4744329041592,20.667153793212,85.9864913002
571,4.7045914128,66.3086210380139,17.04149993094,85.98649082534
572,9.525250274,68.0125308590567,21.4576018991265,85.9864915841
573,11.4865453809,67.4248457135012,19.790775541481,85.9864907964
574,1.1709612834,69.0893720077889,18.979982855875,85.9864904484
575,2.4373876922,64.2760682970514,18.217023385114,85.9864912961
576,8.3287996922,66.0778078777648,21.050845064909,85.9864916176
577,6.2706099197,65.8517827790577,23.180348310172,85.9864908551
578,7.271142798,67.3591081273021,20.548085242935,85.9864911393
579,4.1555489376,68.1870132882508,18.146814373439,85.986490729
580,1.0865372736,68.5100991547882,15.756428169102,85.9864919294
581,0.470230433,68.3813870430071,17.9728959992175,85.9864906624
582,2.6205933699,66.2323858487742,20.64243953995,85.9864919333
583,3.13275319,68.5186252712156,15.936860763164,85.986490354
584,5.5701103903,65.3388558531174,25.379616751965,85.9864913964
585,3.9020720006,63.3629934436679,17.83378959638,85.9864903183
586,2.5254806776,67.7974955780724,16.866350468159,85.9864903494
587,3.9020720006,66.904053854557,17.185628720597,85.9864906703
588,3.6082288442,66.7026729147184,17.738932363065,85.9864922132
589,2.4086519957,67.5989518469517,18.242235873472,85.9864912956
590,4.5574172014,64.2604156553363,20.10910554996,85.9864916115
591,1.0878226378,65.8985781276367,19.3350944868395,85.9864913965
592,1.5557319582,64.8477457695545,16.098999920349,85.9864917411
593,4.1555489376,67.6146670197298,15.753831790159,85.9864903537
594,2.4086519957,67.2142055812177,11.684774660914,85.9864906348
595,1.8358117646,65.2060259734005,16.15537089667,85.9864912998
596,5.6256643218,68.9012062344097,22.3979319078825,85.9864920896
597,1.9434177368,68.0895227268845,16.325001216902,85.9864907646
598,4.6331794413,65.8216486221648,20.137222328648,85.9864907964
599,3.9020720006,66.384824686852,19.70857115537,85.9864915862
600,0.294274614,67.5455692122265,17.585104075175,85.9864907645
601,3.1216530196,65.8122191818477,13.338890699939,85.9864906703
602,2.7920378384,64.731640903516,18.547493763619,85.9864911064
603,3.616479884,67.135992454589,22.166383324883,85.986491616
604,3.6082291603,68.0563121477575,17.386010491928,85.9864920901
605,6.890000686,67.0465459431758,23.05605250689,85.9864913639
606,5.6256643218,65.4931191432258,17.6045499007,85.9864914562
607,2.46463612,68.6733433270945,18.978502389469,85.9864911413
608,1.1709612834,67.916414507624,20.5179853262175,85.9864916146
609,6.890000686,68.1865876740906,18.178712351427,85.9864913964
610,6.3682988703,66.1049313830021,19.68702631638,85.986490883
611,1.7292870404,65.9407925065301,19.526710882428,85.9864913909
612,4.313546909,67.2135132452108,16.758228385979,85.9864912937
613,0.2136514338,63.7741604511666,18.822907616464,85.9864915781
614,7.899208194,63.933219930724,26.862138477427,85.9864911429
615,0.836406392,65.8035856637649,15.451074900027,85.9864909502
616,1.8358117646,66.5970449217411,20.427207176974,85.9864912956
617,3.4395129,67.0712564140588,13.490263674984,85.9864925562
618,4.3135470355,67.4969711988614,17.899530234369,85.98649088804
619,1.9434177368,64.1423613397284,14.1940312229,85.9864907922
620,1.0878226378,67.1325419900992,17.17783610486,85.98649009824
621,1.4343186836,69.0568995678118,22.918684023497,85.9864906631
622,0.836406392,64.9806660384249,20.728041853185,85.9864903455
623,4.5022652461,67.1123425088638,17.342575510875,85.9864919019
624,4.3135469407,67.4787150961918,12.979479123495,85.9864917087
625,2.4086519957,65.6957904693472,26.072692919777,85.9864916165
626,2.6865447238,62.8827813438837,20.8046818863,85.986491296
627,5.963752259,63.0070480460809,16.90324472649,85.98649040914
628,4.1458294283,67.2569102255363,20.50277889903,85.9864906018
629,2.5720437269,58.9416241464758,13.400343322395,85.9864908543
630,1.9944790548,68.0191198946643,19.169096739226,85.9864904127
631,1.7349466876,68.2273725871785,17.5516600867285,85.9864912956
632,2.7920379016,65.3107316250708,19.196385152886,85.9864913001
633,4.3150122177,68.1013174935936,16.413163817827,85.9864906698
634,0.8948449048,66.4709992823149,14.455336579032,85.9864927192
635,2.5254806776,61.3235792584208,18.274684672929,85.98649085804
636,2.525480646,67.8513295154733,19.8948026185635,85.9864904447
637,2.525480646,65.1120539880253,23.47862521496,85.986490983
638,4.3135470671,68.2262157636469,17.696521301054,85.9864910802
639,1.1287741295,68.9309415590974,20.421727181901,85.9864909471
640,4.61471614374,67.7204058326331,19.1345904119245,85.9864915534
641,0.5082199626,67.6489648597986,19.308527338894,85.9864919331
642,4.874787074,65.2432502698535,17.908903906439,85.986491298
643,2.7920379338,67.4045560375837,18.6472784438615,85.986490354
644,0.294274614,66.5121629032746,16.520287636002,85.9864911393
645,3.6082288442,63.939574050284,19.108634587577,85.9864914559
646,3.9020720006,66.5782684085691,21.6450135642005,85.9864909849
647,1.5557319582,66.4824374996432,25.6980755574345,85.9864920901
648,3.6082288442,68.0694855189644,18.208984319652,85.9864913904
649,3.1019496303,68.81067830453,17.26147976137,85.9864906703
650,0.836406392,68.2732748669713,14.63374831905,85.9864910802
651,4.1555488428,67.3944548568054,24.502472457373,85.9864911692
652,0.2188884402,66.7257444414041,15.003533252428,85.9864911391
653,3.9020720006,66.572399801064,18.486355983147,85.9864909513
654,4.106026108,63.7136195677303,16.882886665222,85.9864904403
655,7.899208194,67.5665805049424,25.162080479107,85.9864903169
656,2.4086519957,62.8797675315453,18.80874415593,85.9864916803
657,1.941938999,65.9287977138635,14.953308649054,85.9864909763
658,4.6331797259,65.4448506263363,20.655520421,85.9864922449
659,1.5557319582,66.6131258876828,18.060617021925,85.9864913003
660,4.6331797891,64.3341846092993,16.831897437539,85.9864909492
661,2.6205933699,66.576658367524,13.432026900262,85.9864914562
662,4.7045914128,65.6560184700892,19.57552057446,85.986491297
663,4.3135470355,58.0747816393556,12.436096143579,85.9864912026
664,2.070630254,67.0598765817723,13.551561073472,85.9864912979
665,4.3135468775,67.0441983673308,21.021923544949,85.9864910802
666,3.9731533734,67.189155261975,17.341290634014,85.9864900392
667,1.0865372736,68.6745379340035,19.403940086127,85.9864906661
668,4.136328854,66.6322590773923,16.566318072529,85.9864915781
669,3.9020720006,67.3636865534048,28.148905859943,85.9864917127
670,1.9434177368,66.5946386646082,15.523971009012,85.9864909541
671,2.131154862,65.0117444825556,23.276915958767,85.9864919333
672,2.1515064624,66.9125842786001,23.4827098278565,85.9864916176
673,0.6488770492,61.9383950408453,16.12299456261,85.986490983
674,3.4395129,66.5713833691177,19.610749639454,85.9864912674
675,9.8691796987,67.9210410756158,21.8784644359,85.9864906339
676,2.27879039,67.8670191352066,20.252169859489,85.986490978
677,0.8948449048,67.8664510645453,16.250653415335,85.9864906669
678,0.2657049594,65.2757381438565,14.209434056485,85.9864904086
679,2.7920378706,67.9475780063255,22.1326854303275,85.9864918306
680,3.1216530196,61.5341004718195,14.59008928716,85.9864900337
681,4.1555489376,67.6296174784989,18.940418910535,85.9864927192
682,4.1555488428,66.6909920504781,17.112417115487,85.9864904159
683,3.6082291603,67.2491268115137,17.5810748872325,85.9864910802
684,0.3465695404,66.2808416284092,18.3266390377675,85.9864903491
685,4.6331797259,66.5628204407085,25.8409488003845,85.9864912965
686,5.140576272,68.1468308658671,17.6760126057325,85.9864910802
687,2.567644734,67.6233342642237,19.41810944682,85.9864906345
688,5.5374610317,67.6745294213589,21.09368576433,85.9864915543
689,4.7045914128,68.8152898069065,19.551372936545,85.9864921853
690,2.5720437269,67.2325147592574,16.20932273651,85.986491298
691,0.8948449048,63.8973556445966,17.3969519562075,85.9864913636
692,0.831873366,65.5997520682712,14.464648443248,85.9864916151
693,8.3287996922,63.3650875888917,24.694280057984,85.9864909805
694,3.1216530196,65.6455781744421,24.16607150154,85.9864911059
695,2.6205933702,66.7103650114745,17.747088536772,85.9864922456
696,4.313546909,67.6170719502416,17.971340669875,85.986491616
697,5.7533297815,66.7534960523069,14.843792220501,85.9864922132
698,4.3135470355,67.0958648767193,19.118801416382,85.9864914871
699,3.255574362,66.9115869662344,17.850721970902,85.9864907645
700,2.2174051119,67.1426753920268,18.099547241665,85.9864912997
701,2.070630254,68.2789884536381,16.998937148682,85.9864916115
702,4.138655654,68.0209151890805,13.71543262082,85.9864912351
703,3.828413328,66.9459492732835,19.281225610832,85.9864911416
704,4.6331794413,65.2977917861843,20.826986914018,85.9864916803
705,1.5782429905,68.6143267395255,21.858790511242,85.9864912993
706,2.649422088,67.3898025864874,22.15887272233,85.986492248
707,3.00896199,68.125439633336,17.1809206664325,85.9864906668
708,8.328799787,67.9191773220295,23.78599377248,85.9864910483
709,2.9151301757,66.8688125548775,21.852836560543,85.9864912656
710,2.341049038,66.3499292010852,20.63185451474,85.9864912956
711,6.4956636213,67.9420392155588,21.384229405842,85.9864920886
712,2.5254806776,68.0141673759166,19.882598794182,85.9864908207
713,2.1075583784,66.9343278919422,20.1512652234695,85.9864921863
714,1.5782429274,67.6215569686478,19.0183569188165,85.9864907603
715,4.874787074,65.1413900159615,18.784378240063,85.9864909513
716,3.461006414,67.3772679379561,20.843250567672,85.986490377
717,2.889526116,63.7889198487468,18.615430780705,85.9864912375
718,4.5574172014,62.056350582264,15.512773255619,85.98649035
719,4.1555489376,67.4018541657881,18.975362760919,85.9864916181
720,2.1515064624,67.4631244561812,17.475298981899,85.9864909502
721,2.2174051119,65.2622245142306,19.987800094269,85.9864912672
722,0.8948449048,69.1669021716208,21.907130647482,85.9864922485
723,1.1287741295,66.9713364058523,14.834176423832,85.9864917745
724,4.6331797259,63.1781692895398,16.876200221069,85.9864908265
725,5.6308779777,66.4263066678076,19.427211266602,85.9864909507
726,4.5574171066,66.4266747384098,19.120662642157,85.9864906622
727,3.1216530196,68.6194175264377,20.1870769785055,85.9864916165
728,11.3749712422,66.9338588815337,23.640717842915,85.9864909492
729,6.6767603918,65.3774650707247,17.461288750375,85.9864919252
730,3.9731533734,66.5929767011229,22.6028226784625,85.9864908525
731,2.514522662,65.3669499165368,18.391066270445,85.9864910802
732,2.4373876922,63.5506970673912,21.582323041426,85.9864900372
733,8.696758415,68.2670190571335,17.699132996504,85.9864922456
734,3.6082291603,68.129723842854,20.788464103979,85.9864903799
735,2.6168975052,65.744105452645,21.062008872139,85.9864909471
736,5.6308779777,68.6162826678024,24.935756547634,85.986490317
737,7.271142798,67.0311684202719,20.668309057969,85.986491616
738,0.294274614,67.9649395829033,15.856671775735,85.9864905707
739,0.8948449048,61.106825332456,18.597957567052,85.9864906339
740,4.5911790887,66.8958269530219,19.979809259649,85.9864909475
741,2.045338152,68.0002782173984,20.98539072697,85.9864920896
742,3.0350250897,67.8315291777771,16.8192982634875,85.9864909512
743,4.3135468459,67.9583391218387,15.336423823329,85.9864900347
744,3.7115093179,66.2389593194755,17.5416481037175,85.9864913636
745,0.836406392,67.2675375634596,16.873299975384,85.9864911091
746,1.1709612834,64.8530179135648,15.76786981096,85.9864910724
747,0.9168774012,64.3933026715468,18.314350452855,85.9864912979
748,2.649422088,65.1351326071816,17.556641930765,85.9864909776
749,3.1216530196,67.2047098254166,20.1965828961675,85.9864915855
750,2.5720437269,63.3196352747458,17.67265834533,85.9864910808
751,5.6256643218,69.0833695584751,25.493884379354,85.986490732
752,4.6331797891,65.3949722852368,21.300604796995,85.9864915836
753,4.556064124,69.0572012439766,16.2875973544515,85.9864917411
754,2.514522662,66.9688240171887,16.215019899334,85.9864909865
755,3.9731533734,67.5548626719858,19.9059292213965,85.9864907603
756,4.1555488428,67.7362947196274,17.551626103395,85.9864909776
757,1.941938999,68.0525144510695,16.923618492935,85.9864919266
758,4.1555489376,66.296815305018,16.994093023599,85.9864910755
759,2.107558252,59.0829718317216,15.42805128759,85.9864906966
760,4.6331794096,67.5577136197445,14.988173887634,85.9864909818
761,4.61471617544,66.7233714416527,18.736327390122,85.9864919266
762,5.5701103903,65.3982088686053,18.148719633335,85.9864912993
763,1.067974692,67.4417729967806,18.211418362343,85.9864915836
764,4.8612951101,67.2723072596484,18.73476812593,85.9864912977
765,4.5911790884,65.1447295430706,17.5053958368295,85.9864922132
766,1.1287741295,67.5772908048339,19.785266379257,85.9864903493
767,10.2999078346,67.2431352256987,20.837180954074,85.9864903495
768,5.4229364936,67.5856842074913,19.181843054132,85.9864909855
769,1.5557319582,68.129064057262,21.483892886913,85.9864921863
770,3.9020720006,65.8165611372687,20.3716790740075,85.9864922456
771,4.3135469407,67.1803318740513,19.4998041065675,85.9864909807
772,6.3682988703,63.1524299933378,17.857828237063,85.9864915534
773,1.0878226378,65.9762605161593,16.191712538214,85.9864907922
774,4.106026108,67.4420727995387,22.579876906527,85.9864912997
775,2.9151301757,65.4062730168072,19.445551396169,85.9864914557
776,4.3135470671,68.0828576824284,16.31739391808,85.9864917704
777,5.520167604,67.5607205192656,17.644464482647,85.9864915534
778,4.3135469407,64.9532514217719,20.994629698414,85.9864915841
779,4.3135469407,67.2422664833584,17.27404081173,85.9864916185
780,4.1555488428,65.3072135267613,13.639497029602,85.98649072504
781,0.836406392,68.2567538012377,15.456581991354,85.9864919019
782,0.9168774012,65.4836971209935,19.894314172489,85.9864908551
783,5.6256643218,68.7812887738076,22.0555301786925,85.9864906377
784,5.6308779777,61.7919637938465,16.271338319117,85.9864907607
785,3.6082288442,67.5783775064205,14.5425186748545,85.9864903802
786,2.4373876922,65.1253572261632,20.55084685687,85.9864917745
787,0.3465695404,67.532494394093,20.086045259804,85.9864905066
788,0.831873366,68.1096062654184,15.12465282871,85.9864913923
789,2.7920378706,68.4774102976263,18.450254144655,85.9864925562
790,1.5782429274,66.3039268904702,17.061901664085,85.9864910798
791,2.514522662,61.2320177269117,14.450614899958,85.9864906663
792,2.107558252,55.7172115197816,22.024061303395,85.9864913909
793,4.61471636504,67.564464913681,21.02932550331,85.9864914591
794,5.70599475544,66.3749751497935,22.578098911379,85.9864909818
795,0.9168774012,64.8455413135193,20.391297611977,85.9864906331
796,1.7949025496,64.9767607619361,14.398347772907,85.9864907922
797,2.6168975052,67.7918328590584,20.48754458338,85.9864916181
798,2.7920379338,64.6034713261984,16.11882418225,85.9864906661
799,3.0350252161,64.5568099293985,24.829241162652,85.9864905076
800,2.4086519957,68.7887933689903,24.360103803284,85.9864919266
801,3.616479884,65.6491162235637,17.28139481737,85.986490314
802,1.9434177368,64.3923310100803,16.1418250800825,85.9864906331
803,3.00896199,64.6113595311324,20.998933376417,85.9864925663
804,4.774554568,65.9919755355391,19.672195696645,85.9864901316
805,5.42293620975,67.5747357124357,14.168052184062,85.9864914232
806,1.067974692,65.7697756854972,19.829718123447,85.9864912351
807,0.3894210836,68.3019211381113,17.0699683215575,85.9864907923
808,2.131154862,67.1724382116161,13.644806693606,85.986491296
809,3.4059480819,66.8615869680927,19.4540118650735,85.9864910808
810,3.0350252161,67.9170739178916,16.110049392455,85.9864912956
811,2.1075583784,67.5481148803332,17.13075409838,85.9864906627
812,3.1216530196,67.5559147744765,21.96987705355,85.9864915841
813,1.1709612834,62.6810461624397,22.1823693050575,85.9864910724
814,3.6082288442,64.4608350946747,19.014674217205,85.9864909776
815,8.3287996922,63.8899981185198,17.383299622672,85.9864909826
816,1.5557319582,66.5551722426001,20.983131275633,85.9864912674
817,1.4343186836,63.91143309048,12.355330876935,85.9864914557
818,7.8961738112,66.7749009707416,24.656215685445,85.9864910724
819,2.4373876922,62.5425392702593,15.764731527689,85.9864909764
820,0.3894210836,68.1664688942397,20.021902527579,85.9864909512
821,7.0142846708,68.8076023763631,20.212536447545,85.9864909508
822,4.61471636504,67.070406125007,18.413497633852,85.9864913003
823,3.255574362,65.4730548934522,20.294619194234,85.9864906379
824,8.799912028,69.0116862062345,24.195548964672,85.986491264
825,2.070630254,67.1286398099102,16.690163937189,85.986490887
826,4.313546909,67.5643680459756,16.919621743104,85.9864899349
827,2.525480646,68.5403497586827,16.900808812214,85.9864903167
828,0.2188884402,66.024538641084,19.860155068339,85.9864917747
829,0.3465695404,62.1919279784656,17.831463417803,85.9864907923
830,2.27879039,62.2079766956959,16.650465644643,85.9864909541
831,6.2706099197,66.1951198820138,17.636837209189,85.9864909513
832,2.6865447238,63.3572210326201,21.945145797363,85.9864917348
833,1.0878226378,67.5608546731687,19.484093563099,85.9864917672
834,3.4059480817,68.2195591073311,18.34462061969,85.9864917737
835,5.520167604,67.3657594525756,18.705028483994,85.9864918995
836,2.4086519957,68.6759476360574,21.226626007865,85.9864909817
837,4.1458294283,68.4691008427525,21.755854320363,85.986492248
838,1.7949025496,68.2416095530476,16.93390772178,85.9864903495
839,0.831873366,51.0484555682795,18.52229808109,85.9864915543
840,2.0253474196,65.3083098407011,23.455200311065,85.9864909521
841,5.6256642902,64.0682711016029,19.631096143047,85.9864903164
842,0.8948449048,66.5864947503767,12.130293441679,85.9864906702
843,5.520167604,63.1290333665437,20.704930061685,85.9864919294
844,9.109108212,67.4960567297779,22.532370060605,85.9864912687
845,4.136328854,64.7979034467958,17.17622330875,85.9864911425
846,0.836406392,65.2394222699833,17.463198986888,85.9864919271
847,4.106026108,65.1287620467076,11.798171708455,85.9864910724
848,4.136328854,67.420552063064,19.808541595739,85.9864903578
849,5.7533297815,68.7827199456335,20.376097732517,85.9864906659
850,3.0350252161,68.1834464454116,17.0332016127695,85.9864907922
851,4.74337250935,62.3741121157029,20.23638130265,85.9864906345
852,10.2999075189,68.9937929875777,22.205056882384,85.9864912997
853,3.4395129,67.2919361061056,15.559837401329,85.9864913001
854,0.836406392,63.3741522035988,13.5855950283115,85.986490674
855,6.4956633996,65.2004144057754,21.290530052623,85.9864903545
856,1.0878226378,67.6847134836677,14.057949752882,85.9864916115
857,2.5254806776,66.57660162692,18.629524595965,85.9864913009
858,6.4956637474,66.4949199478353,16.8337069746065,85.98649202
859,2.47588211,67.5156565109365,16.173341283487,85.9864906658
860,0.6883504984,68.3734980770153,12.6129626031565,85.9864912956
861,2.5254806776,67.3881908683984,19.080895252411,85.9864913904
862,4.5022652461,61.4844916820484,22.825988626685,85.9864910724
863,3.7115093179,67.7740427421545,25.878438820254,85.9864912645
864,3.7115093179,66.9880662252051,16.933544946494,85.98649009854
865,8.328799787,67.0994243823073,20.814885925443,85.9864909847
866,3.0350250897,66.5192721655261,19.207148978782,85.9864904764
867,3.6082288442,67.8367319283392,16.628001692382,85.9864909502
868,8.82851071928,65.4156625486125,20.965798417695,85.9864927192
869,4.61471636504,65.9880598227625,15.69466066305,85.9864912375
870,2.6168976316,66.1966611099687,21.500716703527,85.9864906661
871,0.470230433,62.9106452107947,15.46294806247,85.9864909508
872,0.2136514338,68.4312341986929,17.770960687772,85.9864909513
873,0.294274614,66.4351425001976,18.927668543295,85.9864909541
874,4.74337250935,63.9621008079282,16.214375707985,85.9864919329
875,2.1075583784,65.963483821191,22.13503629375,85.9864911091
876,9.9371617256,68.1209123790119,23.7832161234105,85.9864919329
877,0.6883504984,64.4118722538973,19.746460532156,85.9864900299
878,2.6168975052,67.9247376926164,14.675317003679,85.9864913923
879,9.5972102627,67.9790192137519,19.970814362179,85.9864923447
880,2.27879039,64.8277486776895,19.596503808425,85.9864918995
881,1.5782429274,65.6578970944084,15.947740644937,85.9864906064
882,10.2999078349,68.4782410620056,20.300234717989,85.9864917735
883,2.2174051119,65.3967123315354,20.792132576766,85.9864904478
884,4.6331794413,67.0379433324609,13.001482640931,85.9864908207
885,6.0681752169,68.4354567488154,20.753283067043,85.986490729
886,2.9151301757,64.3157320510595,18.17597595949,85.9864912687
887,8.3287996922,67.796330523651,21.520761792578,85.9864909776
888,3.0350250265,65.7958773023935,21.656184320852,85.9864914601
889,1.5557319582,62.8679442614798,18.993893330149,85.9864912669
890,2.5720437269,67.5130237534487,20.074597355079,85.986490983
891,1.7949025496,68.9371613232135,21.796045998833,85.9864909492
892,3.9731533734,64.7641809934001,19.663824937198,85.9864907922
893,4.6341749664,64.8340030282785,17.777662658963,85.986492248
894,2.46463612,66.9029783415962,18.389426952945,85.9864916086
895,0.3465695404,67.0405612285566,16.574947469069,85.9864906657
896,0.3465695404,61.9752808534268,13.18129773772,85.9864921853
897,5.71195729114,66.2475197002019,17.315353418654,85.9864917735
898,5.243142528,65.1132928585784,20.66457186098,85.986492248
899,2.4373876922,64.4881097793145,15.069194247297,85.986492248
900,7.0142846708,68.0985973603108,17.523676502797,85.9864909475
901,5.6308779777,69.1652445027099,20.539397259755,85.9864915841
902,4.3150122177,68.1621087493289,18.2401630518675,85.9864911429
903,1.0865372736,66.4789434081076,17.884838689525,85.9864903536
904,1.5557319582,64.5687326295438,18.131791450685,85.9864916803
905,1.9434177368,67.0266835148766,17.842851031934,85.9864915852
906,2.1075583784,65.94565342128,16.51812343481,85.9864917387
907,2.4373876922,68.4050334581758,18.952916218384,85.986492248
908,5.520167604,64.3117355533432,18.439507684415,85.9864906669
909,7.5491455787,67.3711268986445,21.045149112719,85.98649018884
910,5.6256642901,67.2457629845268,26.06536150327,85.9864916185
911,3.828413328,66.7095455762687,24.7566053987325,85.986491396
912,2.1075583784,69.2538489746642,18.56746541324,85.9864922132
913,9.2738389576,65.7421772233621,22.62505790463,85.986492248
914,0.831873366,58.3892369094232,19.9808146542345,85.9864906333
915,2.6168975052,66.4488479215353,19.516384023975,85.9864906345
916,5.776514366,67.5721441218587,20.105981472242,85.9864905113
917,6.0681752167,66.7858372139267,15.278097303073,85.9864912674
918,6.0681752167,65.0615456658171,19.452338059252,85.9864909184
919,0.8948449048,65.8007928944649,15.122327181947,85.9864910798
920,10.9535813971,69.3145438835085,26.817154830186,85.9864927192
921,2.6205933702,68.0601611103056,17.670397941754,85.9864906648
922,6.7339062098,56.6480022963463,20.797352097705,85.9864897177
923,4.7045914128,66.9180187580986,17.305121908154,85.9864909831
924,3.1216530196,66.8603561558135,14.667684968634,85.9864906664
925,1.5557319582,66.3681327891418,23.1707085424525,85.9864915841
926,4.3150125655,65.3181784391056,17.585608266087,85.9864906703
927,4.3135469091,67.6021197004628,14.927440768465,85.9864915781
928,0.6883504984,65.8192724801337,19.272760997965,85.9864907288
929,4.61471636504,65.3884393516599,15.505878899508,85.9864906668
930,7.9454222227,67.8108354654841,17.627698287957,85.9864913965
931,0.3465695404,66.90776851426,21.845488755955,85.9864901296
932,10.0151453263,66.4970611728204,22.172418170985,85.9864911435
933,4.6331797259,65.1948753450584,18.31764833147,85.9864907645
934,2.4086519957,64.6352422588029,19.7563255959185,85.9864904451
935,4.138655654,66.4838478495201,15.839943449736,85.9864912672
936,3.4059480817,67.1043678317253,15.469859800875,85.9864912997
937,1.7292870404,65.5719252504708,19.829113632334,85.9864907638
938,6.715938726,64.8591448980374,19.742394365435,85.9864916176
939,5.5374610317,66.3112274193064,17.566108117207,85.9864902519
940,7.8961738112,67.1659718709429,31.832511158034,85.986491361
941,6.4956636209,68.6192336493256,22.851979654764,85.9864909816
942,4.61471617544,68.2069949973294,23.150720144342,85.9864906015
943,4.811639604,67.8185429091468,13.94325493908,85.9864912993
944,0.836406392,65.9885248514979,17.51460563665,85.9864912675
945,4.6331794735,67.5012003016778,14.923144236038,85.9864906661
946,2.514522662,66.6908127588774,21.57971409438,85.9864913003
947,1.5782429274,66.8296772985126,17.882621701051,85.9864903455
948,2.6865447238,66.6553547973056,15.261138318483,85.9864909776
949,6.2706099197,67.1947329694972,15.884716404034,85.9864915852
950,5.3173005917,68.3402185501484,23.22539354206,85.9864912956
951,6.013577409,67.0799739802582,24.777946702297,85.9864919331
952,2.514522662,59.0362037277942,15.23425452356,85.9864918995
953,8.7822889181,67.6840690352529,22.357849165029,85.9864912674
954,7.945423802,66.0683322517366,20.226600168784,85.9864906693
955,3.4059480819,66.7495794292793,17.032037565551,85.9864909523
956,8.3287995972,59.0310493075962,20.986552624013,85.9864910802
957,1.0878226378,61.1719503674437,20.48069269789,85.9864913923
958,8.3287998818,63.432126679049,18.952967385628,85.9864904403
959,2.6865447238,67.4083600135826,17.62405467693,85.9864909513
960,5.6256642901,67.6044582301374,21.956692746145,85.986491296
961,2.6168976316,67.6298100454177,19.409628085779,85.9864909821
962,1.1287741295,66.5866474006581,17.167412209202,85.9864906338
963,9.8691800146,68.7517139673614,27.034147372762,85.9864919266
964,13.3266718994,66.0443547969094,24.988866188035,85.9864900376
965,2.7920379016,67.3120870851245,15.154834178207,85.9864919294
966,2.4373876922,67.688703634866,19.320444285475,85.9864925663
967,0.3306075148,64.1273712296932,14.797120796165,85.9864907922
968,0.8948449048,68.9216103759398,20.849107359434,85.9864917401
969,1.9944790548,67.4290233094929,18.729003403225,85.9864912997
970,2.0253474196,66.2186046388627,20.447758214857,85.9864915544
971,1.5557319582,67.5165859666264,24.3018504734465,85.9864912998
972,2.1515064624,67.795413963578,22.903236555004,85.9864911425
973,1.1709612834,68.5013881969495,22.531382903505,85.9864910419
974,4.3135467511,65.6381547071077,17.996688758679,85.9864907908
975,0.836406392,64.6400883641535,18.550145219882,85.9864908235
976,8.3287995982,69.2573799756963,25.492979495825,85.9864916185
977,6.013577409,66.7473703082143,18.327292110593,85.9864908552
978,3.98122191,65.1907175593037,19.53768380831,85.9864913019
979,4.74337250935,67.6871007839432,19.2193924515015,85.9864917401
980,4.9493325172,67.601260344405,16.130763366884,85.9864920233
981,4.3150122177,58.3047995656427,15.647578593882,85.986490666
982,2.4086519957,68.0088101867153,12.8754492082335,85.98649202
983,5.520167604,65.9033539947093,26.942884954254,85.986491618
984,2.6865447238,66.2332731686206,13.875592878499,85.9864912645
985,4.3150125023,66.7239396473958,21.633759923845,85.9864912993
986,2.5254806776,66.4481485171528,20.962226889958,85.986490757
987,2.1515064624,67.2361482775848,16.765723052001,85.9864917446
988,4.5911790884,66.3951351150742,22.81323927063,85.9864919019
989,3.1019496303,66.8298686450727,21.364025891456,85.9864907963
990,2.0253474196,65.7147912199479,15.20216758835,85.9864908259
991,0.470230433,65.5062052832633,21.021080657849,85.9864917446
992,2.4373876922,67.2979776371372,15.409826589952,85.9864909541
993,2.7920379016,65.304168478214,20.897505639488,85.986491616
994,11.3749709257,67.1032988874174,25.090665148795,85.9864919333
995,7.0142846705,67.992339253554,16.050502978657,85.9864928776
996,2.070630254,67.3976702632874,15.7178508573035,85.986490349
997,8.4578689727,65.6172986003697,20.465378968247,85.9864922449
998,6.4075994837,67.1086532005982,17.081179406936,85.9864916181
999,12.7351613094,66.6453070273493,24.366707718989,85.9864909765
1000,1.5782429274,68.2391040336471,16.0908221292785,85.9864913909
