"genbank_accession","species","salinity_optimum","salinity_min","salinity_max","reported_salinity_optimum","reported_salinity_min","reported_salinity_max","partition_salinity"
"GCA_000710615","Haladaptatus cibarius",18.1495099869897,10.1738226672745,28.5543454257697,15,10,30,"train"
"GCA_900156425","Haladaptatus litoreus",18.2326781595303,10.548388397277,28.4861095083405,19.72,9.86,29.58,"train"
"GCA_008831545","Halorussus halophilus",19.7043099364454,12.0280502153275,29.5750869199489,15.19518,8.18202,28.05264,"train"
"GCA_014647095","Haloarcula argentinensis",20.9691868260286,12.9745166847868,28.8356037309409,22.5,15,30,"test"
"GCA_014647415","Haloarcula sebkhae",20.5466970065516,12.9118988836105,28.7560296299688,27.46821,9.93531,29.80593,"test"
"GCA_019599515","Halomicroarcula pellucida",20.6163550482885,13.1260158192249,28.5991442809877,25,20,30,"test"
"GCA_000379085","Halomicrobium katesii",20.9309971897282,13.0948787551292,29.8690855747971,25,20,30,"test"
"GCA_900114435","Halomicrobium zhouii",21.1509207937138,12.9960045307289,30.7844637263426,15.08,8.12,29.58,"test"
"GCA_004118325","Halorientalis pallida",19.5098116868906,12.2051688469698,28.0649292981838,25,15,30,"test"
"GCA_000591055","Natronomonas moolapensis",18.75644626947,11.5181220340255,27.7770537232346,14,8,36,"test"
"GCA_001011115","Halanaeroarchaeum sulfurireducens",18.7603576152894,11.9535100030346,27.4147240538184,23.3772,17.5329,29.2215,"train"
"GCA_000400975","Halarchaeum acidiphilum",19.4807493224547,12.4468473045033,28.2993343488937,22.5,18,30,"train"
"GCA_014647155","Halarchaeum nitratireducens",19.2963339136698,12.1591399277233,27.20735449836,19.5,9,30,"train"
"GCA_014647115","Halarchaeum rubridurum",19.001554000062,12.2791402267834,26.3355665218316,19.5,9,30,"train"
"GCA_021233415","Halobacterium litoreum",19.5370043570143,12.3291166135611,28.5514016883691,22.79277,9.93531,28.05264,"train"
"GCA_000259215","Halococcus hamelinensis",18.6611953811197,10.639334742673,30.1099935781713,15,12.5,30,"train"
"GCA_009900715","Halococcus salsus",18.0221308530109,10.2659301945544,28.631061691691,20,10,30,"train"
"GCA_002952775","Halalkaliarchaeum desulfuricum",19.2448637589198,11.8315839031562,27.5777557024965,23.3772,14.61075,29.2215,"train"
"GCA_007655485","Halobellus captivus",18.8561039260753,11.0119697615451,28.6516254344057,19,15,30,"train"
"GCA_024464655","Halobellus inordinatus",19.2242289653462,12.1727921260213,27.9837261109372,18,10,28,"train"
"GCA_004799685","Halobellus limi",19.2962526268772,11.8128706334273,28.5246477342002,17.4,8.12,29.58,"train"
"GCA_014646875","Halobellus salinus",18.497769621082,11.6426883221569,27.0128837238915,19.72,15.08,29.58,"train"
"GCA_000336955","Haloferax larsenii",18.308257764789,11.2624000319177,26.1948468296039,16.24,5.8,27.84,"train"
"GCA_000337815","Haloferax mucosum",17.255162553915,10.9621737699125,24.9568653221844,17.4,9.86,29.58,"train"
"GCA_900115785","Halogeometricum limi",18.8676804903393,11.7568452531169,27.0585724349802,22.62,12.18,30,"train"
"GCA_000337095","Halogeometricum pallidum",17.9525866481704,10.6462205122044,27.4172603641595,17.98,9.86,24.94,"train"
"GCA_900112175","Halogeometricum rufum",19.0329059451587,12.268803843928,26.6102137688085,21,11,27,"train"
"GCA_900114455","Halogranum rubrum",19.0596643564536,11.4015416594952,28.8183617877897,22.62,15.08,24.94,"train"
"GCA_017874235","Halolamina salifodinae",19.426954069746,11.4283478184763,30.1038416132879,21.17,9.28,31.32,"train"
"GCA_003605575","Halonotius aquaticus",19.6380352221785,12.40555661317,26.616910560162,25,15,30,"train"
"GCA_001462205","Haloparvum sedimenti",19.0372265475454,11.8191517548846,27.3601538009559,19.87062,9.93531,29.80593,"train"
"GCA_900113245","Halopelagius inordinatus",19.4453846919404,11.3971824885898,28.9687895621945,21,15,28,"train"
"GCA_900100875","Halopelagius longus",19.5183597404802,11.1309970599884,28.8156264255669,18.85,10.44,34.8,"train"
"GCA_900107205","Halopenitus persicus",19.4849610347354,12.2396016380545,28.2216852880464,17,10,25,"train"
"GCA_000427685","Haloplanus natans",18.6935945506731,11.9019590433761,25.6038766843212,17.4,15.08,24.94,"train"
"GCA_009762275","Haloplanus salinarum",19.7897718260539,12.36002946432,27.3125763270896,15,10,30,"train"
"GCA_024498175","Haloplanus salinarum",19.5301382272256,12.3966478723885,26.865008720894,18.11733,14.61075,26.29935,"train"
"GCA_900107665","Haloplanus vescus",21.0042736647921,12.9868437928873,27.6473723112266,17.98,15.08,24.94,"train"
"GCA_001542905","Halorubrum aethiopicum",19.0040606929831,11.5828386978279,29.9274285011388,22.5,15,30,"train"
"GCA_000336995","Halorubrum aidingense",17.4570108172717,11.3530459399604,27.0972738380617,15.08,9.86,24.94,"train"
"GCA_000336875","Halorubrum californiense",18.2482434059586,11.6056220894971,27.4555637044569,23.2,14.5,29,"train"
"GCA_000421805","Halorubrum ezzemoulense",17.9735286962055,11.4828204412012,27.2200227139679,20,15,25,"train"
"GCA_000337355","Halorubrum kocurii",17.6093244823056,11.1866105131851,27.3434111262833,19.72,14.5,19.72,"train"
"GCA_000337375","Halorubrum lipolyticum",17.7093234030783,11.2860622915116,27.0563729636688,15,9.86,27.84,"train"
"GCA_009176545","Salinigranum salinum",17.8561933763481,11.595313028799,25.5345066652937,15.19518,5.25987,28.05264,"train"
"GCA_900103505","Haloarchaeobius iranensis",19.3747865409191,12.0027753400557,29.6060702705525,20,12,30,"train"
"GCA_003610195","Halopiger aswanensis",21.7638820508114,12.3968288260545,31.8188030020099,23.75,10,23.75,"train"
"GCA_900116205","Halostagnicola kamekurae",19.6242949206848,11.1189604252352,30.5161273469761,15,10,30,"train"
"GCA_000517625","Halostagnicola larsenii",20.4840941151427,11.783640477641,32.2209692553789,20,15,30,"train"
"GCA_000337495","Haloterrigena salina",21.1565230922848,12.5806517702281,30.2496932059411,19.72,14.5,29,"train"
"GCA_000337515","Halovivax asiaticus",18.8998073223739,11.8711094128659,27.5565136836906,20,15,25,"train"
"GCA_002156705","Natrarchaeobaculum aegyptiacum",20.5897313992973,13.4896809932075,29.6766126597296,22.9973205,18.993975,27.000666,"train"
"GCA_000337175","Natrinema gari",19.7231261830849,12.6202181159668,27.5371391308209,17.4,9.86,19.72,"train"
"GCA_900110455","Natrinema salifodinae",21.4564023976657,12.9450134525301,30.9580577505353,18.27,11.02,31.32,"train"
"GCA_900104065","Natronobacterium texcoconense",22.303034388944,13.5458655525835,32.1816249592092,17.4,9.9,24.9,"train"
"GCA_009392895","Natronorubrum aibiense",21.2212578960128,13.1040927254186,30.7410244789808,16.53,11.6,25,"train"
"GCA_900108095","Natronorubrum sediminis",21.5228623266028,13.4742124501774,32.6673254363245,19.72,14.5,29,"train"
"GCA_000337735","Natronorubrum sulfidifaciens",20.5503706144258,13.2928459767676,29.552642605367,18,12,28,"train"
"GCA_020177375","Saliphagus infecundisoli",18.9620353156968,9.68787976183171,32.1040606296371,17.5,5,35,"train"
"GCA_900215575","Natronoarchaeum philippinense",20.4002665511119,12.4251151559434,31.1844276369187,18,14,30,"train"
"GCA_003675875","Halostella limicola",20.245320268327,12.3191093075787,30.2725577225398,18.11733,9.93531,28.05264,"train"
"GCA_003675855","Halostella salina",20.1389188882328,12.7644444128194,29.363747549918,20,15,30,"train"
"GCA_001602375","Methanoculleus horonobensis",4.36539205378148,2.84822173299677,5.9345906957304,0.87,0,7.54,"train"
"GCA_002153915","Methanonatronarchaeum thermophilum",16.8993852810511,9.78896888150542,26.8615066499869,23.3772,17.5329,28.05264,"train"
"GCA_002243045","Methanolobus psychrotolerans",3.86594389291321,1.4859383097478,8.67986846193801,0.993531,0,4.967655,"train"
"GCA_017873625","Methanobacterium petrolearium",2.74298339491881,0.927465928134223,9.78968565027407,1.972,0,6.96,"train"
"GCA_000746075","Methanobacterium_D veterum",2.81304967887177,1.13151373388617,8.25957746179193,0.58,0,1.74,"train"
"GCA_004310395","Methanofervidicoccus abyssi",2.56045784154546,2.44724473955169,5.59013797856997,2.25,1,4,"test"
"GCA_000017185","Methanothermococcus_A aeolicus",3.23108937551881,1.84217128375439,7.75573676783353,3.045,0.29,5.8,"test"
"GCA_001577775","Pyrococcus kukulkanii",0,0,2.88856344704866,2.75,1.5,7,"test"
"GCA_000017945","Ignicoccus hospitalis",0,0,0,1.4,0.5,5.5,"train"
"GCA_001412615","Pyrodictium delaneyi",0,0,0,1.9,0.9,3.6,"train"
"GCA_009193135","Oceanitalea satyanarayanai",3.41837341527588,0.943363138288065,10.2473047451565,2,0,10,"test"
"GCA_000285915","Brevibacterium ravenspurgense",4.55770952053016,2.25088684873883,10.1034174922286,5.5,0,15,"train"
"GCA_003470205","Cellulomonas rhizosphaerae",0,0.235059643753948,1.04435096387982,0,0,4,"train"
"GCA_000423205","Jonesia quinghaiensis",3.31887520889201,0.838636198464054,8.62941197879564,4.75,2,7.5,"train"
"GCA_900105445","Paraoerskovia marina",2.57462990271733,1.19948402537523,8.80336959309045,2.5,0,10,"train"
"GCA_003130585","Brachybacterium endophyticum",6.20287059811734,2.80714121630837,15.5962029182868,2,0,15,"test"
"GCA_003355475","Brachybacterium saurashtrense",5.38657476776792,1.01168904710474,14.8063825206184,8,0,15,"test"
"GCA_013410455","Allobranchiibius huperziae",1.55905974439668,0.889696112067114,4.94513403898658,0,0,1,"train"
"GCA_009858245","Ornithinibacter aureus",1.38634358457807,1.13248314177549,5.00821630280698,1,0,5,"train"
"GCA_009602535","Ornithinicoccus_A halotolerans",5.29896286956578,1.48605660817424,15.2023084549017,3,0,14,"train"
"GCA_008001015","Serinicoccus profundi",4.36558465420824,1.44487873191087,12.3690319486264,4,0,14,"train"
"GCA_004153545","Serinicoccus sediminis",5.28383957443399,2.16079671591076,14.2253483150482,4,0,15,"train"
"GCA_013407835","Agromyces_B atrinae",0.822157846467614,0,4.53117098553574,2,0,4,"test"
"GCA_009930795","Marisediminicola antarctica",0.561015962244989,0,5.68561992928764,3,0,6,"test"
"GCA_008017445","Microbacterium mitrae",0.452749184709229,0,4.4392636152539,1,0,8,"test"
"GCA_003254645","Microbacterium suaedae",3.90579599633809,0.585304861539683,11.3904053510609,0,0,15,"test"
"GCA_003097495","Naasia flava",0.600883368276791,0.0956184126145254,4.82868789684126,0,0,4,"test"
"GCA_003627075","Protaetiibacter intestinalis",0.290959788224708,0,5.50785784473052,0,0,3,"test"
"GCA_014645015","Rhodoglobus xinjiangensis",0,0,1.76001904255678,7,0,14,"test"
"GCA_001046895","Arthrobacter siccitolerans",0,0,3.88219072661724,1.16,0,4.64,"test"
"GCA_004357995","Arthrobacter_D crusticola",0.752226952792574,0,5.88356792370045,0,0,4,"test"
"GCA_003614925","Arthrobacter_G celericrescens",0,0,4.00553946597594,0,0,3,"test"
"GCA_003369445","Arthrobacter_G silvisoli",0,0,4.73898909765594,0,0,5,"test"
"GCA_014645315","Citricoccus zhacaiensis",3.978482665384,0.217813484722736,12.2622520811941,1,0,15,"test"
"GCA_003797835","Kocuria soli",5.99301601886212,2.19655852036941,15.5318502115732,0,0,7,"test"
"GCA_014642675","Nesterenkonia cremea",7.40792564921353,0.734882388287772,19.4801892364952,5.5,2,11,"test"
"GCA_019575955","Nesterenkonia pannonica",7.23194362906268,0.710704578981403,15.0624957600693,6,0,15,"test"
"GCA_003946885","Specibacter cremeus",0,0,1.09926202285461,0,0,6,"test"
"GCA_011045165","Specibacter silviterrae",0,0,2.20444266153896,0,0,5,"test"
"GCA_004138525","Haloactinopolyspora alba",5.85471522982098,2.13184740026247,14.408593026437,12.5,7,23,"train"
"GCA_010550695","Phytoactinopolyspora alkaliphila",4.02929229846875,0.985663074759096,11.6527897935346,4,0,13,"train"
"GCA_009602465","Cumulibacter manganitolerans",1.69239926664437,0.923567663433045,4.78779086928234,0,0,6,"train"
"GCA_016861975","Actinocatenispora rupis",3.44883338184337,2.11170943348777,5.39513512872744,7.1,0,7.1,"train"
"GCA_014646155","Actinoplanes endophyticus",1.86730404340728,0.213827490133365,5.33304702387647,0,0,2,"train"
"GCA_018326245","Micromonospora endophytica",2.53613221699301,0.789158701711045,4.86063872128353,1,0,5,"train"
"GCA_900089585","Micromonospora sediminicola",1.96885128907079,0.516281586613533,4.41131552564439,3,0,4,"train"
"GCA_016863575","Micromonospora sediminimaris",2.31144637336701,0.322186636035488,4.85634780880288,3.5,0,6,"train"
"GCA_000024545","Stackebrandtia nassauensis",5.55348434356767,2.09815846199536,11.1838531989531,6.5,4,9,"train"
"GCA_001571025","Corynebacterium humireducens",5.59607484039102,1.59488663552125,12.3920113438383,10,0,13,"train"
"GCA_000835165","Corynebacterium marinum",3.9427673933516,0.540276853379549,12.0018869972867,1,0,8,"train"
"GCA_003797185","Gordonia oryzae",1.48618459648521,0.282722205381304,5.02749229514417,1.5,0,13,"train"
"GCA_001305675","Gordonia phthalatica",1.76361826891198,0.743959507499292,5.50252928562745,0,0,0.8,"train"
"GCA_014191505","Hoyosella altamirensis",2.34228592439778,0,8.45195020457236,3,0,10,"train"
"GCA_000214175","Hoyosella subflava",1.84657347592959,0,8.07873494132157,8,0,12,"train"
"GCA_000380485","Jongsikchunia kroppenstedtii",0.755823736980482,0,3.78387482174838,5,0,10,"train"
"GCA_900108565","Mycobacterium rutilum",2.47461860340531,0.993201627266856,4.2804148495912,3.75,2.5,5,"train"
"GCA_014645735","Nocardia jinanensis",2.5717941868432,1.06051058642482,6.25442407641702,3,0,5,"train"
"GCA_014646295","Nocardia rhizosphaerihabitans",1.03320380885408,0.102974437029773,4.5666055395952,2,0,5,"train"
"GCA_001613365","Nocardia xishanensis",1.96878979253423,0.400833281106969,5.62230580692973,1.5,0,3,"train"
"GCA_005434945","Rhodococcus subtropicus",1.96688933224475,0.67910061970524,6.3549014653991,0,0,3,"train"
"GCA_003860405","Nakamurella antarctica",0,0,0,0,0,5,"test"
"GCA_003260015","Nakamurella deserti",0.174166983165567,0.229323170626024,2.57043968797516,0,0,3,"test"
"GCA_014646215","Nakamurella endophytica",0,0.389693489425876,2.05747804485698,0,0,2,"test"
"GCA_900101095","Actinopolyspora mzabensis",8.67521202114616,3.08068193861555,18.306056126557,19,7,32,"train"
"GCA_007713745","Amycolatopsis acidiphila",1.67323129273055,0.555494519533546,7.2221573569688,0,0,6,"train"
"GCA_002262875","Amycolatopsis antarctica",2.5522602015811,0.301256897665162,8.8965704929809,4,0.5,7,"train"
"GCA_003600245","Amycolatopsis sulphurea",1.16924027063577,0.242069437996042,5.1790045905107,0.5,0,7.5,"train"
"GCA_005405885","Gandjariella thermophila",3.25325890006255,1.431550874511,7.6982783699009,0,0,1,"train"
"GCA_900188115","Haloechinothrix alba",8.15835657871185,2.91058404916863,17.7407570484011,15,9,23,"train"
"GCA_900100955","Lentzea fradiae",2.01260120983098,0.387027612667525,6.75822009118581,5.5,5,6,"train"
"GCA_014646255","Lentzea pudingi",1.8692734702043,0.181318919286222,6.01340516971347,0,0,5,"train"
"GCA_024171865","Prauserella aidingensis",6.79730614134252,3.04899325609854,15.097815810507,9,5,15,"train"
"GCA_024648885","Prauserella salsuginis",6.4141417163665,2.84593565212199,14.3604719450885,9,5,15,"train"
"GCA_024648865","Prauserella salsuginis",6.40651203093494,2.85246647982313,14.3653981004578,9,5,15,"train"
"GCA_014203395","Saccharopolyspora phatthalungensis",4.91388477437141,1.62822887839755,11.5587076449365,2.5,0,7.5,"train"
"GCA_014203325","Saccharopolyspora_C gloriosae",6.14094143370644,2.55183027586546,13.5224024601626,2.5,0,11,"train"
"GCA_014640475","Egicoccus halophilus",4.28394333484386,2.0990399871766,10.2523623566943,4,0,9,"train"
"GCA_003725695","Marmoricola ginsengisoli",0,0,2.20324117985408,0,0,1,"test"
"GCA_003725535","Marmoricola pocheonensis",1.85587064527442,0.721655131101842,6.14065174954635,0,0,2,"test"
"GCA_003057875","Nocardioides currus",2.99113568142966,1.52629181850934,7.68860882887386,0,0,1,"test"
"GCA_013408415","Nocardioides daedukensis",3.5428135307415,1.49607501284988,10.0357529845619,0.25,0,9,"test"
"GCA_003076135","Nocardioides gansuensis",3.77153730377662,1.45976607009986,9.33238086076896,0,0,1,"test"
"GCA_006346315","Nocardioides litoris",3.74098892223076,2.13180149325637,8.72037947100883,0,0,2,"test"
"GCA_013408145","Nocardioides marinus",4.20931159859208,1.89838249549872,11.631952907253,2,0.5,8,"test"
"GCA_003160695","Nocardioides silvaticus",3.06439474974919,1.39791716811162,8.02940305351054,0,0,5,"test"
"GCA_900112345","Nocardioides terrae",1.22046182806954,0.183244431480186,4.60557990893566,0.125,0,1,"test"
"GCA_003325455","Acidipropionibacterium virtanenii",0,0.0971513592358486,2.7446109628408,0,0,6.5,"train"
"GCA_001997345","Arachnia aquimaris",1.56481639214835,0.352717095023696,4.52258659925952,0,0,4,"train"
"GCA_014646195","Microlunatus_A endophyticus",2.11456351877081,0.786629216094716,6.01411194439319,0,0,2,"train"
"GCA_014203705","Kitasatospora gansuensis",0,0,2.59641283261578,1.25,0,2.5,"train"
"GCA_001735805","Streptomyces fodineus",1.9843551746199,0.720798796826724,6.22871206784635,0,0,8,"train"
"GCA_014647975","Streptomyces fumigatiscleroticus",2.63061755826843,1.05638083389356,8.31051355611421,0,0,6,"train"
"GCA_017874715","Streptomyces iranensis",1.90764121287488,0.424091094179412,7.92846395127968,1.25,0,2.5,"train"
"GCA_900111245","Streptomyces qinglanensis",3.40868057249197,1.14670597820924,10.8459400140352,2,0,25,"train"
"GCA_003122365","Streptomyces spongiicola",2.66977361561471,0.976454998824149,8.79080671682805,0,0,5,"train"
"GCA_006717075","Haloactinospora alba",9.37562028284978,3.59946830646187,19.7810179100153,15,9,21,"train"
"GCA_003336425","Marinitenerispora sediminis",3.68998438741563,0.848056565878814,10.2887415435702,2,0,8,"train"
"GCA_001998325","Nocardiopsis sinuspersici",6.79072373493809,1.49553882636148,17.0052658246946,2.5,0,15,"train"
"GCA_000341185","Nocardiopsis_A chromatogenes",5.25452683605184,1.19211518720793,14.8675346436257,6.5,0,18,"train"
"GCA_000341205","Nocardiopsis_A halophila",5.4998278556846,1.04748623208665,15.4212255046385,6.5,0,18,"train"
"GCA_002263495","Nocardiopsis_C gilva",5.7179143821743,2.24004088316178,12.7502382694309,6.5,0,18,"train"
"GCA_014204795","Nonomuraea jabiensis",1.76253751732297,0.0285224468408833,5.71111863980482,1,0,5,"train"
"GCA_006363815","Thermomonospora catenispora",2.23142133402536,0.831257197591221,6.27889455585694,0.5,0,2.5,"train"
"GCA_900182585","Balnearium lithotrophicum",0.724446542231332,0.742021504403437,3.61155769569473,3.2,1.6,5.6,"train"
"GCA_000427095","Chthonomonas calidirosea",0.368306715976487,0.555247873639294,0,0,0,2,"train"
"GCA_001908025","Geobacillus proteiniphilus",1.33460880624196,0.976522924384721,5.44206070194603,1.5,0,3.5,"train"
"GCA_001278705","Bacillus gobiensis",4.28194789572121,0.780166009564576,12.5336227016255,0,0,3,"train"
"GCA_000715205","Bacillus zhangzhouensis",3.76259021849612,2.03485321195962,10.9685027880733,2,0,12,"train"
"GCA_007994985","Metabacillus litoralis",4.09565847330716,0.558192329024445,11.1343765171187,2.5,1,11,"train"
"GCA_001648555","Rossellomorea aquimaris",3.52505420095568,0.649768866334886,12.4637929002868,3.5,0,18,"train"
"GCA_001274775","Rossellomorea marisflavi",3.85598942318395,1.04920568438586,12.8625258289944,3.5,0,16,"train"
"GCA_001884185","Bacillus_A albus",2.41064428857765,0.517993732069385,8.69577506376695,0.75,0,9,"train"
"GCA_001884045","Bacillus_A mobilis",2.68771563061445,0.944667871724557,8.12778753081972,0,0,9,"train"
"GCA_001884135","Bacillus_A nitratireducens",2.11086972202953,0.406259432102651,9.19030586653311,0,0,9,"train"
"GCA_001883995","Bacillus_A paranthracis",2.7251971727281,0.644989355550786,9.26523544688932,1.5,0,9,"train"
"GCA_003852715","Ectobacillus antri",1.6025962628171,0.554754107440748,5.87460812237881,0,0,3,"train"
"GCA_016909075","Priestia iocasae",3.81497295019307,1.10908420275273,11.0415333468514,7,0,11,"train"
"GCA_010882125","Bacillus_BN alkalitolerans",1.28605498083852,0.571769767042976,6.14985009264562,0,0,6,"train"
"GCA_009466385","Bacillus_BN tepidiphilus",0.659526572403396,0.297223944720442,6.23877595528356,0,0,2.5,"train"
"GCA_003989135","Peribacillus cavernae",2.79490188962989,1.03940009097243,9.06279386669718,0,0,1,"train"
"GCA_001183985","Peribacillus loiseleuriae",1.87667166132384,0.284061433951117,6.77897007313651,0,0,3,"train"
"GCA_013618945","Bacillus_AZ zeae",2.17127926835,0.855941602663456,6.98948559275538,4,0,8,"train"
"GCA_003362805","Bacillus_D piezotolerans",1.0024698331971,0.00471901390144702,6.56942691301275,0,0,6,"train"
"GCA_007830235","Cytobacillus oceanisediminis",3.41312643182389,0.31348393031301,10.8237880510881,6.5,0,13,"train"
"GCA_006704205","Cytobacillus solani",1.72694974189721,0,7.84603005595222,0,0,9,"train"
"GCA_016908975","Neobacillus cucumis",0.186583547455726,0.32958882677911,4.54343093473881,1.5,0.5,4,"train"
"GCA_002797355","FJAT-46582 sp002797355",2.09754337467603,0.68297047279614,7.45489616960659,0,0,7,"train"
"GCA_009183655","Pseudobacillus aerolatus",2.28177192399679,0.216704908590489,9.54015423453445,2.5,0,5,"train"
"GCA_001685015","Pseudobacillus wudalianchiensis",2.08548117922104,0.480944880087147,6.87908486783403,0,0,3,"train"
"GCA_001999905","Indiicoccus lenghuensis",4.67533962076731,0.426682709154738,13.1917183802278,2,0,8,"train"
"GCA_900099655","Planococcus glaciei",1.96855253803647,0,9.33323364714538,5.5,0,11,"train"
"GCA_006861795","Psychrobacillus lasiicapitis",2.47328240430293,0,8.62312438665054,0,0,6,"train"
"GCA_001311865","Piscibacillus salipiscarius",7.91488069864123,0.981027983250462,20.9750736658187,15,2,30,"train"
"GCA_009649735","Salinibacillus xinjiangensis",6.20629384722974,0.940558296571572,18.150482130537,10.5,1,21,"train"
"GCA_005870085","Aquibacillus sediminis",7.77232728114269,1.43337836895904,19.5169212384934,8.5,0.5,20,"train"
"GCA_004145795","Lentibacillus lipolyticus",8.3867902867433,3.41961834525272,20.315193537253,12,4,35,"train"
"GCA_900110695","Lentibacillus subterraneus",6.22477043357138,1.22647486788202,16.3913350781759,9,0,25,"train"
"GCA_009728145","Paucisalibacillus caprae",6.84496360814222,0.696924445826612,18.0556496498204,7.5,1,14,"train"
"GCA_900103695","Sediminibacillus halophilus",6.20495557129899,1.17139888427974,16.9574029132572,6.25,0,20,"train"
"GCA_900215625","Terribacillus aidingensis",5.23883563876399,1.32104379567111,14.4941908682623,5,0.5,21,"train"
"GCA_900101385","Terribacillus halophilus",4.45339574149742,0.712989723836991,14.2127910972622,3,0,19,"train"
"GCA_900110015","Terribacillus saccharophilus",4.84635534400284,0.878707636131771,14.4435683009368,3,0,16,"train"
"GCA_014642405","Pontibacillus salipaludis",6.99462249284887,1.67616804807364,19.0225707764123,2.5,1,19,"test"
"GCA_000430745","Fictibacillus_A gelatini",1.70352976946186,1.42970963411455,6.41595520040266,15,15,15,"test"
"GCA_001039475","Anaerobacillus_A macyae",4.65451744658708,1.16935835198028,14.0205634455944,1.2,1.2,30,"test"
"GCA_002019765","Bacillus_H oshimensis",6.80266837818636,0.754435144111465,17.5385551443692,7,0,20,"train"
"GCA_003044065","Alkalicoccus saliphilus",8.5715202580818,0.255030841751187,22.7854428925019,15.5,0,26,"train"
"GCA_003226345","Alteribacter lacisalsi",8.38821932981821,1.61401128166054,20.5214602374649,8,0,16,"train"
"GCA_002019735","Salipaludibacillus agaradhaerens",6.77374832501608,0.777206562148293,19.3411740803589,2.5,0,15,"train"
"GCA_014202575","Texcoconibacillus texcoconensis",9.24043723240541,2.61233785560965,23.2918319153066,2.1,0,4.4,"train"
"GCA_900101165","Alkalibacterium thalassium",8.04219029123105,2.84081267562293,18.0753769017931,1.75,0,11,"train"
"GCA_900114235","Marinilactibacillus piezotolerans",5.17942635289218,0.42469129393172,16.4045180677274,1.49,0,11.91,"train"
"GCA_001885945","Enterococcus_A hermanniensis",1.16105112810367,0.483121503296524,3.56399608387982,4.25,2,6.5,"train"
"GCA_004359375","Acetilactobacillus jinshanensis",2.67991615494332,0.785257098390071,7.66536581723262,0,0,5,"train"
"GCA_004358325","Periweissella cryptocerci",0.781151801785904,1.66501076930974,2.66525521192112,0,0,2,"train"
"GCA_006965445","Lactococcus protaetiae",0.154047206093299,0,4.51457808054308,0,0,3,"train"
"GCA_003217775","Paenibacillus_AB flagellatus",1.51113724316436,0.955778787532957,5.12484763935525,0,0,1,"train"
"GCA_013778375","Paenibacillus_E chondroitinus",0.0372703642063907,0,3.34713534583306,0,0,1,"train"
"GCA_014640555","Paenibacillus_E marchantiophytorum",0,0,2.55912027111709,0,0,1,"train"
"GCA_016937515","Cohnella algarum",0.918513738489167,0,6.56175098820129,0,0,4,"train"
"GCA_003628305","Cohnella endophytica",0,0,1.43800883605735,0,0,1,"train"
"GCA_008973665","Paenibacillus tengchongensis",0,0,4.10927879111458,0,0,2.5,"train"
"GCA_014639155","Paenibacillus_A segetis",0.20820560332615,0,4.68476015286387,0,0,4,"train"
"GCA_003994465","Paenibacillus_A zeisoli",0.831787194453065,0.644222679991883,4.53154147883331,0,0,3,"train"
"GCA_000422445","Paenibacillus_B assamensis",2.2092318809711,0.561045591098221,6.1710622784261,1.25,0,2.5,"train"
"GCA_000374845","Paenibacillus_K terrigena",0.953098690655958,0.109959157013606,5.82303496524655,1.75,0,3.5,"train"
"GCA_014641075","Paenibacillus_Z nasutitermitis",0.432109016269578,0,5.1763110667839,0,0,4,"train"
"GCA_017873755","Jeotgalicoccus aerolatus",8.19061386213247,0,18.9884412961879,7,0,14,"train"
"GCA_000330705","Salinicoccus carnicancri",8.3012764461307,0.605723031300845,20.5988583896017,12,0,20,"train"
"GCA_900114445","Salinicoccus halodurans",8.70049348256905,0.388503984612779,20.6500315574297,8,0,24,"train"
"GCA_002902145","Staphylococcus rostri",7.11071021355996,4.69308348222502,11.6831573497632,10.5,9,12,"train"
"GCA_014637345","Kroppenstedtia guangzhouensis",3.8448334883543,1.31078658953796,11.6002265383155,1.25,0,3,"train"
"GCA_003313465","Thermoflavimicrobium daqui",1.31663203828151,0.738300160715814,6.09360358004055,0,0,1,"train"
"GCA_000237085","Acetivibrio clariflavus",0.571336473855564,0.257760737031149,1.93696960037504,0.4,0,0.7,"train"
"GCA_016908415","Caldicoprobacter guelmensis",0,0,3.00933092467829,0.1,0,2,"train"
"GCA_002995785","Clostridium_AO liquoris",2.15229349774375,1.31061945747213,4.71917731138738,0,0,4,"train"
"GCA_016908775","Defluviitalea_A raffinosedens",1.49370844838699,0.834078166373553,5.88617223823316,0,0,20,"train"
"GCA_014202875","Anaerocolumna cellulosilytica",0.299705843387879,0,2.90964818750149,0,0,3,"train"
"GCA_003201285","Lachnotalea glycerini",0.91275061474003,0,4.1075829612802,0.03,0.03,4.5,"train"
"GCA_000701665","Agathobaculum desmolans",2.64229430482698,1.3920313277265,6.84614662071044,0,0,1,"train"
"GCA_010669305","Aminipila butyrica",0.0352778695945757,0.471090556976579,3.16399919214332,0,0,2,"train"
"GCA_002252565","Petroclostridium xylanilyticum",0.905377475184705,0.575075663092689,3.03792227809835,0,0,4,"train"
"GCA_900142005","Dethiosulfatibacter aminovorans",3.86480662966962,0.458688149611627,12.1332192635158,2.5,0.8,5.5,"train"
"GCA_003691585","Biomaibacter acetigenes",0.398790737174316,0.148090900430417,3.73166416324016,0,0,3,"train"
"GCA_004766045","Desulfosporosinus fructosivorans",0,0,1.21115107044055,0.05,0,3.5,"train"
"GCA_900113335","Desulfallas arcticus",1.4279998438543,0.37032085082623,5.18447319557765,1.25,0.05,4.5,"train"
"GCA_002933875","Desulfocucumis palustris",0,0,3.19216484394342,0,0,2.1,"test"
"GCA_002207765","Calderihabitans maritimus",0.85862466044669,0,4.505383314098,2.46,0.8,14,"train"
"GCA_002216005","Natranaerobius_A trueperi",9.10323081662113,2.8470061765584,18.6202511077249,2.2,1.5,3.8,"train"
"GCA_900142275","Anaerobranca californiensis",0.364946290782976,0,2.36081892649059,1.75,0,6,"train"
"GCA_023227765","Fuchsiella alkaliacetigena",7.42228187070551,2.21427709932194,16.7730431755548,7.75,0,14,"train"
"GCA_016908315","Halanaerobacter jeridensis",9.37998447193752,5.09264772991899,17.3043315103963,15,6,30,"train"
"GCA_900095795","Petrimonas mucosa",2.27971588811905,0,9.13199203872821,0,0,2,"train"
"GCA_900095135","Proteiniphilum saccharofermentans",3.1270102695359,0.836707611203291,10.2687923702991,0.775,0,5,"train"
"GCA_003991565","Butyricimonas faecalis",0.156893553309068,0,3.66938442510952,0.9,0,3.75,"train"
"GCA_018156225","Carboxylicivirga sediminis",2.41634716530027,0.633103299654709,9.35008398497925,2.5,0,10,"train"
"GCA_002201795","Natronoflexus saponilacus",2.34457224557928,0,10.6417616284455,3.25,2.03,8,"train"
"GCA_002557795","Chitinophaga caeni",0,0,2.36824619886062,0,0,4,"train"
"GCA_003149455","Chitinophaga deserti",0.129337120380889,0,3.18557568237616,0,0,1,"train"
"GCA_003813775","Chitinophaga lutea",0,0,3.10530166137743,0,0,2,"train"
"GCA_021044425","Niabella pedocola",0,0,2.03036452915323,0,0,2,"train"
"GCA_003555545","Paraflavitalea soli",0,0,0.212559765294362,0,0,1,"train"
"GCA_004291315","Pseudobacter ginsenosidimutans",0,0,0.18279604785384,0,0,1,"train"
"GCA_003254055","Algoriphagus chordae",1.23678413554335,0,6.12478322116821,5.5,1,10,"train"
"GCA_000265405","Belliella baltica",1.73598095230642,0.00219071029461992,6.38252834018618,2.25,0,6,"train"
"GCA_900188245","Belliella buryatensis",1.38571370571193,0.0159216902636319,6.07805411552495,1.25,0,5,"train"
"GCA_005281475","Echinicola rosea",3.04525312026389,0.495575627769921,10.7158331254744,1.5,0,15,"train"
"GCA_014653175","Fabibacter thermotolerans",2.03343363466519,0.70241927703708,7.52560245783568,0,0,14,"train"
"GCA_009711525","Fulvivirga lutimaris",2.0117837059979,0.04850040920317,6.172989191404,2.5,0.5,7,"train"
"GCA_018500185","Litoribacter ruber",3.36812051177236,0.300235181780687,10.7024998015998,1.5,0,9,"train"
"GCA_024714495","Marinoscillum pacificum",1.98530322056392,0.699134145068451,7.3417374907147,2.9,0.4,5.4,"train"
"GCA_003003005","Mongoliibacter ruber",2.82789931648903,0.127461195323091,8.27433624118917,1.25,0,6,"train"
"GCA_003347495","Pleomorphovibrio marinus",3.55117183983377,0.526563048321219,10.9482902947995,2.5,0.5,10,"train"
"GCA_003171675","Reichenbachiella versicolor",3.48951244159212,1.73770062296255,9.43070527091888,2.5,0.5,7,"train"
"GCA_003583925","Hymenobacter rubripertinctus",0.748384865262498,0.890802231695113,1.34074920821843,0,0,1,"train"
"GCA_012273015","Hymenobacter sp012273015",1.44785893703509,1.34570734481907,2.05124989916392,0,0,1,"train"
"GCA_003284895","Pontibacter arcticus",1.27058797123713,0.516648634381306,3.93099692932215,0,0,2.5,"train"
"GCA_003054055","Pontibacter mucosus",3.05760762042553,1.57198576017569,7.69405864431125,1.5,0,10,"train"
"GCA_014269285","Rufibacter sediminis",1.81690949807314,1.00231527300027,4.94812933288613,0,0,1.5,"train"
"GCA_003258365","Solirubrum edaphi",1.2936016835171,1.21415811496105,2.68959380376567,0,0,1.5,"train"
"GCA_004348825","Arundinibacter roseus",1.13176407248909,0.207902159078401,4.05561619345258,0,0,4,"test"
"GCA_000701505","Dyadobacter crusticola",0.185597708706021,0,3.45269851240572,0.05,0,1,"test"
"GCA_004329705","Jiulongibacter sediminis",2.82451913018228,0.704736004493063,7.97023834176948,3.5,2,6,"test"
"GCA_003858645","Larkinella knui",0,0,0.568856825164337,0,0,1,"test"
"GCA_014202275","Rhabdobacter roseus",1.28163026606055,0,4.24313118415196,0,0,5,"test"
"GCA_002943425","Siphonobacter curvatus",0.888053949241292,0.531808213434336,2.86525829634068,0,0,3,"test"
"GCA_003402975","Brumimicrobium aurantiacum",3.72653776026655,1.27993995099376,11.2308708429525,2.5,0.5,13,"train"
"GCA_002844555","Brumimicrobium salinarum",4.52830626824271,1.62329072871582,11.2089975626337,4.5,2,11,"train"
"GCA_007558725","Fluviicola chungangensis",0,0,0.825369291964819,0,0,1,"train"
"GCA_001573155","Aequorivita aquimaris",2.39277597882837,0.597635564014752,6.51221027801577,4,0,9,"train"
"GCA_900115185","Algorimicrobium echini",2.13513088529836,0.265241680011564,6.15644152702224,2.5,1,8,"train"
"GCA_008086205","Algorimicrobium myxarmorum",2.38517457956052,0.423009460588704,7.31526295091147,0.35,0.2,2,"train"
"GCA_000255455","Aquimarina agarilytica",3.52412907984719,2.14018763172444,6.82237549639552,2.5,1,4,"train"
"GCA_001632745","Aquimarina aggregata",3.34474752461854,1.29678690473533,6.16725554547987,2.5,1,5,"train"
"GCA_002909235","Arenibacter catalasegens",3.06092739846929,1.03748506629713,8.81518419025475,2.5,1,8,"train"
"GCA_014651295","Arenibacter certesii",2.94652885752315,0.415623870677765,11.0360832268647,5.5,1,10,"train"
"GCA_006974145","Changchengzhania lutea",2.94530473190878,0.963094435144056,6.70931996688349,1.5,0.5,7,"train"
"GCA_002807055","Confluentibacter citreus",2.00293553999075,0.604184049817944,5.97932750934742,0,0,4,"train"
"GCA_010614725","Flavobacterium ajazii",0.344316450385501,0.641654487010903,2.00844172881766,0,0,2,"train"
"GCA_003096035","Flavobacterium album",0,0,0.77957579697636,0,0,2,"train"
"GCA_003385115","Flavobacterium aquicola",0.0927208159388755,0,2.19419481122555,0,0,1,"train"
"GCA_002251775","Flavobacterium aurantiibacter",0,0.375120076205776,0,0,0,2,"train"
"GCA_004028155","Flavobacterium cerinum",0,0,0.0646897970846148,0,0,2,"train"
"GCA_001857965","Flavobacterium commune",0.369071006813758,0.505732054849822,1.75089351491056,0.4,0,0.8,"train"
"GCA_003122385","Flavobacterium crocinum",0.145458123308155,0.556471206411544,1.5660383423675,0,0,2,"train"
"GCA_002251835","Flavobacterium cyanobacteriorum",0.511239234679973,0,0.604006458810105,0,0,1,"train"
"GCA_004634245","Flavobacterium foetidum",0.0276283187936688,0.430759013845198,1.87195519201117,0,0,1,"train"
"GCA_002217335","Flavobacterium hydatis",0,0.0532911555816102,0,0,0,2,"train"
"GCA_008806775","Flavobacterium luteum",0,0,0,0,0,1,"train"
"GCA_014642275","Flavobacterium lutivivi",0,0,1.0400965719709,0,0,1,"train"
"GCA_003055625","Flavobacterium magnum",0,0.492083161536881,0,0,0,1,"train"
"GCA_900108395","Flavobacterium marinum",1.92328830911054,0,6.79303215449219,1.25,0,5,"train"
"GCA_900101925","Flavobacterium psychrophilum",0,0,0,0,0,1,"train"
"GCA_023008245","Flavobacterium sediminilitoris",1.42028965909855,1.09360553370067,3.4015979017408,1.5,0,6,"train"
"GCA_004329815","Flavobacterium silvisoli",0.423591949431542,0.105938749890308,0.258027405601977,0,0,1,"train"
"GCA_004016525","Flavobacterium sufflavum",0,0.143909210743045,1.87364311286555,0,0,1,"train"
"GCA_004115975","Gelidibacter gilvus",2.84313551355698,0.663982449859468,7.49615587230235,0.35,0.1,1.5,"train"
"GCA_007997285","Gelidibacter salicanalis",2.526112561496,0.0732583634720505,7.93487088610464,0.35,0,2.5,"train"
"GCA_007997295","Gillisia hiemivivida",1.94372960029717,0.0539004205426443,5.88970752084316,0.4,0.2,1.5,"train"
"GCA_002744755","Leeuwenhoekiella nanhaiensis",3.63189010736825,1.5881542794459,8.24873876404817,3.5,0,12,"train"
"GCA_900130045","Leeuwenhoekiella palythoae",3.74831677506464,1.50879075640633,9.00577683753233,3.5,0,12,"train"
"GCA_002269385","Maribacter cobaltidurans",2.23690670318473,0.115355080705785,7.71737878705477,1.5,0.5,6,"train"
"GCA_900112245","Maribacter stanieri",3.23918668486017,1.15998205728777,7.7402139892614,1.25,0.5,8,"train"
"GCA_003148665","Maribacter_A polysiphoniae",2.90321251885028,0.626331273453617,8.62723374788577,1.75,1,8,"train"
"GCA_003353425","Marinirhabdus gelatinilytica",4.21667679531422,2.50343274712219,8.30754696190277,3.5,0.5,7.5,"train"
"GCA_014651475","Mesonia mobilis",4.47971977049938,1.37379082159469,10.9973287729282,3.5,1,12,"train"
"GCA_005937185","Muricauda algicola",3.67431887350404,1.63233291655304,10.1987562208534,2.5,0,11,"train"
"GCA_003058265","Muricauda amoyensis",2.54470910270125,0.547346381263887,8.38428232178775,4,0.5,8,"train"
"GCA_010671595","Muriicola jejuensis",2.86754719944783,1.1775249444104,6.9621703912643,3,1,5,"train"
"GCA_003129485","Polaribacter aquimarinus",2.36000964761395,1.03130905179054,6.25773417093283,2.5,1,7,"train"
"GCA_900107595","Psychroflexus halocasei",5.09179707567523,1.61480268179108,11.9946997689283,7,2.5,16,"train"
"GCA_011089875","Psychroflexus maritimus",3.93356252926454,1.6604494153866,11.8744461418287,4,1,13,"train"
"GCA_000378765","Psychroflexus tropicus",4.58894378339679,1.98773786311028,10.5494523114758,8.75,1,20,"train"
"GCA_900113135","Salegentibacter agarivorans",4.90303832948305,1.07145909402494,12.9746034390616,3,1,18,"train"
"GCA_001752425","Salegentibacter salarius",4.00498660011283,0.571667642883256,12.4539714771429,8,2,15,"train"
"GCA_002833365","Salegentibacter salinarum",5.16940300921514,1.03077470151014,14.0646847984419,8,2,17,"train"
"GCA_000424665","Salinimicrobium terrae",4.17588862885261,0.923162471473356,11.3188156616441,2,0.5,8,"train"
"GCA_007997385","Seonamhaeicola algicola",2.01074338879751,0,6.62399545599255,2.25,0,7,"train"
"GCA_022760175","Zhouia spongiae",2.22206226167173,0.392402988433695,7.46808273587805,3.5,0,8,"train"
"GCA_000236705","Owenweeksia hongkongensis",1.71622600678503,0.7064811469277,5.70782427406968,4.25,1,7.5,"train"
"GCA_003020585","Chryseobacterium aurantiacum",1.13585503365568,0.642114731615647,4.23591651240568,1.75,0.5,3.5,"train"
"GCA_003971235","Chryseobacterium aureum",1.67394428614813,0.688338728416088,5.10988581031862,0,0,2,"train"
"GCA_900108365","Chryseobacterium culicis",1.41027765225357,0.560668574026779,5.34498191640724,1.75,0.5,3,"train"
"GCA_006175945","Chryseobacterium mulctrae",0,0,4.06930603303914,0,0,4,"train"
"GCA_003384725","Chryseobacterium pennipullorum",1.63450797556552,0.834661395703794,5.34154602732866,0,0,2.5,"train"
"GCA_900156735","Chryseobacterium ureilyticum",1.56010825616162,1.03800762472589,4.94302151806161,0.45,0,2,"train"
"GCA_900108115","Epilithonimonas bovis",1.30364081926909,0.0454400607382002,4.36933322476779,0.85,0,2.5,"train"
"GCA_000403135","Arcticibacter svalbardensis",0,0,0.467949709613999,4.383225,0,11.6886,"test"
"GCA_004054195","Mucilaginibacter gilvus",0,0,0,0,0,1,"test"
"GCA_003324525","Mucilaginibacter hurinus",0,0.104089181003727,0,0,0,1,"test"
"GCA_003050755","Mucilaginibacter yixingensis",0,0.185035490484895,0.247944545551789,0,0,1,"test"
"GCA_014642075","Parapedobacter defluvii",2.05972077622284,0.517167750857321,7.40834049441098,0,0,3,"test"
"GCA_000258495","Pedobacter agri",0,0,0.615204855568745,1.25,0,2.5,"test"
"GCA_003339865","Pedobacter chinensis",0,0,0.0196935030485257,0,0,1,"test"
"GCA_004310665","Pedobacter kyonggii",0,0,0,0,0,1.5,"test"
"GCA_014642175","Pedobacter quisquiliarum",0,0,0.986984113666672,0,0,3,"test"
"GCA_003029735","Pedobacter yulinensis",0,0,2.87913029183198,0,0,2,"test"
"GCA_001652725","Pelobium psychrophilum",0,0,0.718929532398176,0,0,2,"test"
"GCA_009674685","Pelobium puniceum",0.131977432806845,0,2.36571765307031,0,0,1,"test"
"GCA_009733535","Sphingobacterium endophyticum",0.260782386519725,0,4.32522041628415,0,0,5,"test"
"GCA_003627955","Sphingobacterium puteale",0.0414990712623862,0,3.37250582382601,0,0,1.5,"test"
"GCA_900142415","Rhodothermus profundi",1.99960839301126,1.48542228840812,4.4023208022198,2.5,1,5,"test"
"GCA_003667345","Poseidonibacter antarcticus",3.64016221673012,2.30536997596636,5.80831876239148,2.5,0.5,5,"test"
"GCA_001306115","Ornatilinea apprima",0,0,0.636333954894901,0.55,0,2,"train"
"GCA_007827295","Seleniivibrio woodruffii",1.92546755208469,1.08861876254509,2.59267173610229,0.116,0,0.58,"train"
"GCA_003173015","Deinococcus irradiatisoli",0.688515763005519,0,6.54901861198698,0,0,1,"train"
"GCA_900109185","Deinococcus reticulitermitis",0.73066935607903,0,6.49202092872167,0.2,0,1,"train"
"GCA_007990975","Meiothermus hypogaeus",0,0,2.28892496580911,0.15,0,0.6,"train"
"GCA_016918545","Desulfobulbus alkaliphilus",2.94282937876169,0.558105763137087,6.48558342857286,1.16,0.58,8.7,"train"
"GCA_016919005","Desulfopila_A inferna",3.87417892079386,1.24112292732803,7.98198438797872,2.5,0.5,5,"test"
"GCA_000429325","Fundidesulfovibrio putealis",0,0,0,0.1,0,0.6,"train"
"GCA_900101105","Maridesulfovibrio ferrireducens",0.796317703142006,0.212985923858695,2.23087762979536,1.75,0.7,4,"train"
"GCA_900167125","Paucidesulfovibrio gracilis",3.4475505095106,0.866392679202861,8.6528185742678,5.5,2,12,"train"
"GCA_001687335","Dissulfuribacter thermophilus",0,0.314599462991378,0,2.25,0.9,5,"test"
"GCA_012979235","Dissulfurirhabdus thermomarina",0.105482394788341,0.525922814284174,1.21607169312882,2.25,0.5,4,"train"
"GCA_000526155","Deferrisoma camini",1.90495525572968,0.718908081191539,6.69760693446334,2.25,1,5,"test"
"GCA_000711225","Seleniibacterium seleniigenes",1.16054272602698,0.0653070462322596,4.10559317821396,1.8,0.1,3.5,"train"
"GCA_000426625","Psychrilyobacter atlanticus",3.36815862581689,1.42611286668128,10.3236489948864,1.25,0.5,2,"train"
"GCA_003260125","Lujinxingia litoralis",5.18752899386761,2.00800356399004,11.80152563842,3.5,0,8,"train"
"GCA_004005565","Lujinxingia sediminis",5.5538120077144,1.89688082442781,11.5204119207678,3,0,9,"train"
"GCA_011064595","Paludisphaera soli",0.496502782593605,0.569992946991775,1.2956342467373,0,0,2,"train"
"GCA_007859755","Blastopirellula retiformator",2.75039190117222,1.83572229133534,4.47540155549256,3.0682575,0.58443,7.01316,"test"
"GCA_006542375","Oecophyllibacter saccharovorans",0.370517358382037,0,2.80962874137785,0,0,1.5,"train"
"GCA_002573965","Azospirillum melinis",1.59920682745495,0.860267789657251,4.30965575380818,1.2,0,2,"train"
"GCA_003233655","Azospirillum ramasamyi",1.35566634480554,0.40763977367321,4.04054909296783,0,0,2,"train"
"GCA_002088975","Henriciella aquimarina",4.21788301492894,1.18825721105094,10.5055470639531,6.5,2,12,"test"
"GCA_003129605","Hyphobacterium indicum",4.84978006986496,1.07853735557674,10.1232939419246,2.5,1,6,"train"
"GCA_000365025","Robiginitomaculum antarcticum",3.04044697700483,0.714195140798464,5.94034513391748,2.25,0.5,5,"train"
"GCA_014640455","Aquisalinus luteolus",4.31571152658826,1.1718953562813,10.4097615349111,4.25,0.5,11,"train"
"GCA_900100655","Limimonas halophila",9.86604581196459,5.17836925552641,18.240755420813,19.72,14.5,30.16,"train"
"GCA_000688515","Afifella pfennigii",2.7264242311149,0,8.82028130612507,1.5,0,5,"train"
"GCA_003058325","Methylobacterium currus",0.812921220258988,0.255546723056998,2.15364048982284,0,0,1,"train"
"GCA_003173715","Methylobacterium durans",1.5248419229355,0.373155354525576,3.87062319007154,0,0,2,"train"
"GCA_002759055","Methylobacterium frigidaeris",0.344144263409742,0,1.80146158995538,0,0,1,"train"
"GCA_003056355","Devosia naphthalenivorans",1.38590755571301,0,5.64602194505155,3.5,0,5,"train"
"GCA_005144885","Phreatobacter stygius",0.625191456516508,0,3.31244036471923,0,0,2,"train"
"GCA_001463905","Aureimonas frigidaquae",1.83060074703107,0.26074847077305,6.02922927120095,0,0,7,"train"
"GCA_014642635","Aureimonas_A endophytica",0.550453678227168,0,3.84853661499261,0,0,2,"train"
"GCA_014197145","Gellertiella hungarica",2.74281996144275,0.879568041644096,8.42171411531373,0,0,1,"train"
"GCA_024105735","Hoeflea alexandrii",3.14283500366838,0.48677067114305,8.54583242686355,3.4,0,11.8,"train"
"GCA_008727715","Mesorhizobium terrae",0.735607848364312,0,4.43293009846519,0,0,2,"train"
"GCA_003012745","Mesorhizobium_D ephedrae",1.47496075090356,0.159793864443595,5.12566933102097,0,0,1,"train"
"GCA_004358025","Neorhizobium deserti",0.874077936279025,0,4.95836076945818,0,0,2,"train"
"GCA_004053875","Neorhizobium lilium",0.932743364365915,0,4.38739930725174,0,0,2,"train"
"GCA_002238045","Notoacmeibacter marinus",5.10685619574482,1.50674854088751,11.5615432522837,1.5,0.5,9,"train"
"GCA_003664555","Ochrobactrum_B teleogrylli",0.430157230439889,0,4.55218384533975,0,0,1,"train"
"GCA_000422785","Pseudovibrio exalbescens",3.99241446690907,0.686405316363224,8.87918750079139,13.5,0.5,17.5,"train"
"GCA_014643735","Amylibacter cionae",4.25213390595673,0.962260366044514,9.93242232071836,3.5,1,6,"train"
"GCA_003034985","Cereibacter changlensis",0.689704716628765,0,5.70354648584148,0.3,0,6,"train"
"GCA_001518015","Epibacterium horizontis",3.56917681694515,0.702862254940545,8.8245688626264,3.75,0.5,10,"train"
"GCA_003003215","Epibacterium scottomollicae",4.29561995795654,1.00868099951333,10.6731773206967,8,1,15,"train"
"GCA_003340555","Jannaschia formosa",4.1748144436952,0.911450273800224,10.1788929231791,3.5,1,12,"train"
"GCA_900185015","Octadecabacter ascidiaceicola",3.22080047209878,0.176343049802624,8.9824249915991,2.5,1,5,"train"
"GCA_002287065","Paracoccus salipaludis",2.76031766292266,0.419160824132762,7.21442915205243,3,0,15,"train"
"GCA_005771405","Parasedimentitalea marina_A",3.5039013014521,0.643881114229152,8.44862658584571,3.5,1,6,"train"
"GCA_900112545","Pseudooceanicola nitratireducens",4.09523012425785,1.11980329598237,9.53358471997343,2.25,0.5,7,"train"
"GCA_003344785","Puniceibacterium profundi",3.63501543971772,0.627802042264374,9.22420134226084,3.5,0,9,"train"
"GCA_003350345","Rhodobaculum breve",3.97447465381811,0.130103049916499,11.6509477494195,3.25,1,10,"train"
"GCA_012932215","Roseobacter ponti",3.3210043603303,0.932797164792128,8.00687151720797,2.5,1,5,"train"
"GCA_001441615","Roseovarius atlanticus",4.75691408711504,1.02410721478406,10.9985961384901,4,0.5,15,"train"
"GCA_003316635","Roseovarius dicentrarchi",3.44521294075629,0.894951327977275,10.0746333762191,3.5,0,11,"train"
"GCA_009762325","Roseovarius faecimaris",4.15648354054962,0.898228972728724,9.93925946092362,2.5,1,5,"train"
"GCA_900142665","Roseovarius pacificus",5.19879834568993,1.51079456977335,12.2977655493312,7,1,15,"train"
"GCA_001507595","Ruegeria marisrubri",4.10482777020882,1.466712469138,9.37307551956805,10.227525,2.92215,15.19518,"train"
"GCA_001507545","Ruegeria profundi",3.78462263403392,1.18288833562338,9.38902125906273,7.305375,2.92215,11.10417,"train"
"GCA_900110425","Salinihabitans flavidus",5.20847085342401,1.41524813299293,13.2582711830035,7,0,18,"train"
"GCA_000423645","Sediminimonas qiaohouensis",5.04722622613789,1.19926700675299,12.7756491843273,5.25,0.25,20,"train"
"GCA_005518135","Shimia litoralis",3.47120885008114,1.04595592280812,9.82526948364866,3.5,2,6,"train"
"GCA_022788655","Sulfitobacter indolifex",4.20613904153555,0.756793673602792,9.78607820778371,4,1,10,"train"
"GCA_900103185","Sulfitobacter litoralis",3.77480215712463,0.561391442440611,9.97655901179945,6.5,1,10,"train"
"GCA_005887615","Sulfitobacter_E sabulilitoris",3.73472179518272,1.23222145242381,8.87749928514061,1.5,0.5,8,"train"
"GCA_900156505","Yoonia rosea",2.18477919505193,0.129865092485238,6.94550361387866,6.5,1,12,"train"
"GCA_004341725","Varunaivibrio sulfuroxidans",2.33135285213963,1.73049203159115,4.4678906343693,1.75,0.5,4.5,"test"
"GCA_002844375","Thalassospira marina",3.39679550115428,1.00332754362605,8.75780348296727,2.5,0,15,"train"
"GCA_001550065","Kordiimonas lipolytica",3.64457630828854,1.61378694764463,9.1096114219542,2,0.5,10,"train"
"GCA_003605475","Alteraurantiacibacter aquimixticola_A",5.12407240604698,2.05134054490949,11.5025520548763,1.5,0.5,6,"test"
"GCA_004004515","Croceicoccus ponticola",1.84880670890569,0.484573030033736,5.98192182547733,1.5,0,4,"test"
"GCA_014652615","Novosphingobium arvoryzae",0.199180389572578,0.152478684428326,2.77754455761326,0,0,1,"test"
"GCA_014652555","Novosphingobium colocasiae",0,0,0.895196491492291,0,0,1,"test"
"GCA_001028625","Pelagerythrobacter marensis",3.41078265164806,1.30838068998472,8.39152682599877,2,0,9,"test"
"GCA_009828025","Qipengyuania algicida",2.78790066143397,1.25023854775219,5.99510442899087,0,0,9,"test"
"GCA_005884405","Qipengyuania marisflavi",2.52727311899077,1.13964213811657,7.11754500461634,1.5,0.5,5,"test"
"GCA_004005865","Rhizorhabdus crocodyli",0,0,1.63274075772503,0,0,2,"test"
"GCA_003970925","Sphingomicrobium ginkgonis",1.9458787119753,0.877701883022962,4.57576843172301,0,0,1,"test"
"GCA_003499275","Sphingomicrobium mesophilum",0.200323252107049,0,2.79422166382222,0,0,3,"test"
"GCA_014396585","Sphingomicrobium rhizophilum",1.84154035069696,0.80914900652066,3.99264370249833,0,0,2,"test"
"GCA_013328205","Sphingomonas hominis",2.40688985679378,0.939899104871853,5.02560540104999,0.75,0,2,"test"
"GCA_002288825","Sphingomonas lenta",1.61716362986839,0.710093212025052,4.69718761352656,0,0,1.5,"test"
"GCA_014641735","Sphingomonas metalli",1.35679903490453,0.399445936619967,2.77840542208106,0,0,1,"test"
"GCA_002197665","Sphingomonas mucosissima",1.54935509761471,0.0688140462686251,4.2261912111193,1.25,0,2.5,"test"
"GCA_003171655","Sphingomonas portus",2.75837988485866,0.544214418410531,6.28902358577061,1.25,0,4,"test"
"GCA_002351485","Sphingomonas spermidinifaciens",0.641418563517238,0,2.4357615975051,0,0,3,"test"
"GCA_009755805","Sphingomonas_G prati",0,0,0.185283854015902,0,0,1,"test"
"GCA_003391115","Sphingomonas_I crusticola",0.35174202881122,0.0529133355933715,1.33197452974682,0,0,1,"test"
"GCA_003660165","Sphingomonas_O paeninsulae",0,0,1.648774315271,0.3,0,5,"test"
"GCA_002993885","Sphingopyxis lindanitolerans",0,0,2.34378979062363,0,0,2,"test"
"GCA_015475875","Sphingopyxis solisilvae",0.263566718490511,0,2.45261916138506,0,0,4,"test"
"GCA_003367235","Sphingorhabdus_B pulchriflava",0.201840406779203,0.096416599193583,1.87728599897334,1,0,4,"test"
"GCA_003958625","Tsuneonella rigui",0.608141953394167,0.315520965725629,3.45874107117154,0,0,3,"test"
"GCA_004005845","Hwanghaeella grinnelliae",3.14901623196184,0.97739205938701,7.24405655681368,2.5,0,12,"train"
"GCA_002355735","Sulfuricaulis limicola",2.36666729069787,1.35545052350536,5.54786327000184,0,0,1.16886,"train"
"GCA_014651515","Arenicella chitinivorans",4.18566449349802,2.34218496048653,7.70340474303747,2.25,0.5,5,"train"
"GCA_002278075","Paraburkholderia aromaticivorans",0.634158198962482,0,3.16356936120895,0,0,2,"train"
"GCA_008369935","Paraburkholderia panacisoli",0.524624071981769,0,2.71396814242431,0,0,3,"train"
"GCA_003443895","Paraburkholderia phosphatilytica",1.3755936510967,0.37179359269533,3.8545808819382,0,0,1,"train"
"GCA_014644155","Pseudoduganella buxea",0.224858936006799,0,2.26403610743264,0,0,1,"train"
"GCA_014191875","Pseudoduganella violacea",0.100794992400493,0,2.89219260677331,0,0,1,"train"
"GCA_002976435","Solimicrobium silvestre",0,0,0,0,0,1,"train"
"GCA_024756255","Telluria agilis",0.368241858986568,0.0656908269165535,2.12302511574043,0,0,1,"train"
"GCA_024753255","Telluria agri",0.105540948984732,0,3.20785180703126,0,0,2,"train"
"GCA_003953935","Telluria atriviolacea",0,0,0.495933360005862,0,0,1,"train"
"GCA_024753285","Telluria pinisoli",0.964506747708379,0.438858393903207,2.31431810059775,0,0,1,"train"
"GCA_024753215","Telluria solisilvae",0.407901598443994,0.0233870724848944,2.25366476507755,0,0,1,"train"
"GCA_024753145","Telluria terrae",0.641347789729267,0.283966627282147,2.47877963127838,0,0,1,"train"
"GCA_003390925","Trinickia diaoshuihuensis",0.446600388085748,0,2.9912507194609,0,0,1,"train"
"GCA_003570885","Giesbergeria hankyongi",0,0,1.5408225338987,0,0,3,"train"
"GCA_003008595","Giesbergeria suum",0.755604239494687,0,3.88215633961151,0,0,2,"train"
"GCA_018069865","Ideonella paludis",0,0,3.04281497743067,0,0,1,"train"
"GCA_003265685","Piscinibacter caeni",0.719432270079076,0,3.62037941207987,0,0,0.8,"train"
"GCA_004681975","Ramlibacter humi",0,0,2.75737583367532,0,0,1,"train"
"GCA_003415675","Rhodoferax_C lacus",0,0,0,0,0,1,"train"
"GCA_007556755","Tepidimonas fonticaldi",1.95835325663561,1.17443103669129,4.28420239216148,0.2,0,1,"train"
"GCA_009906855","Xylophilus rhododendri",0,0,1.41231489971146,0,0,1,"train"
"GCA_004342005","Paracandidimonas soli",2.24552579623345,0.187226740388082,7.11093211460746,1.5,0.5,6,"train"
"GCA_000430805","Chitinilyticum aquatile",0.218596118479313,0,1.97187044079237,0.375,0,0.75,"train"
"GCA_021129195","Chromobacterium aquaticum",0.748083680782312,0,3.62644267411304,0.05,0,3.5,"test"
"GCA_021129175","Chromobacterium piscinae",1.32925308996963,0,5.0484966647092,0.05,0,3.5,"test"
"GCA_003355495","Crenobacter cavernae",0.414172247230836,0.269458814518887,3.24756673355075,0,0,1,"test"
"GCA_004363805","Paludibacterium purpuratum",1.84409009276925,0.394690226167124,4.68978175198021,0,0,1.5,"test"
"GCA_012911495","Tepidiphilus olei",1.97997106685499,0.558381012344372,5.2789506775174,0.75,0,4,"train"
"GCA_003345255","Thauera_A hydrothermalis",1.42434651353838,0.16145977506238,3.92288751001941,0,0,4,"train"
"GCA_010915725","Thiorhodococcus mannitoliphagus",3.25708186188655,1.33742132429352,7.12067591622915,1.25,0.5,2,"train"
"GCA_001976145","Chania oryzae",1.22938012347758,0,5.74869773320046,0,0,4,"train"
"GCA_013375155","Serratia ureilytica",1.71669056808684,0.0331410731592852,6.20503372686104,0.7,0,1.4,"train"
"GCA_003012795","Zobellella_D taiwanensis",3.4881794583816,0,11.5954855846337,2,0,14,"test"
"GCA_003987015","Aliidiomarina taiwanensis",4.38749148726207,0.907428557083872,11.0352614425075,3.25,0.5,10,"train"
"GCA_010500915","Alteromonas hispanica",3.74951700814622,0.895548465853019,8.71403827115299,8.75,7.5,15,"train"
"GCA_003056425","Alteromonas indica",3.29045452674621,0.668366536556482,8.24887555223357,5.75,1,10,"train"
"GCA_003731635","Alteromonas oceani",2.74353397812837,0.983328699954406,7.25544230426833,2,0,13,"train"
"GCA_001565895","Paraglaciecola hydrolytica",0.742789758497679,0,4.87519246307586,3.5,1,6,"train"
"GCA_900104245","Pseudidiomarina indica",2.56982158903789,0.356332314399362,7.45042793831651,2.25,0.5,10,"train"
"GCA_003999375","Pseudidiomarina mangrovi",1.91840232194167,0.105544339476621,7.09886730530006,2.75,0.5,10,"train"
"GCA_014905615","Pseudoalteromonas aliena",2.28783462459494,0.052214868459012,5.61221550404987,3.25,0.5,6,"train"
"GCA_001854475","Pseudoalteromonas byunsanensis",2.71094497128172,0.663760809316959,7.46986944782742,1.75,0.5,5,"train"
"GCA_001641615","Pseudoalteromonas gelatinilytica",2.96915783459332,0.658610643600739,7.868744483067,4,0,10,"train"
"GCA_011634895","Rheinheimera pleomorphica",1.10894375909657,0,3.90549712064758,1.5,0,8,"train"
"GCA_014653195","Thalassotalea_B profundi",2.80710952322621,0.461272354797311,7.54713610547692,3,1,5,"train"
"GCA_003675895","Parashewanella curva",2.94937982858691,1.66499104937059,6.45649596265339,2.5,0.5,5,"train"
"GCA_023349125","Shewanella corallii",3.28168693688147,0.707716742746684,7.99487546699002,3.25,0.5,8,"train"
"GCA_014647855","Shewanella gelidii",1.64098243409883,0.277626140653118,6.59086902109894,2.5,1,5,"train"
"GCA_000014885","Shewanella piezotolerans",1.88991531082155,0.130650198386781,5.13685520188479,3.5,1,7.2,"train"
"GCA_002005305","Shewanella psychrophila",2.18794322576655,0.0558332756381941,6.55183044010402,3.5,1,7.2,"train"
"GCA_014647135","Shewanella xiamenensis",1.14499018312372,0,4.1524262333653,1.5,0,4,"train"
"GCA_002954455","Photobacterium aquimaris",2.71465131370507,0.59793910507835,5.99567840319378,2.2,0.9,3.5,"train"
"GCA_003544875","Vibrio alfacsensis",4.02179661914114,0.695631918851938,9.92114329778922,3.75,0.5,7,"train"
"GCA_009811315","Vibrio atypicus",3.16773580281019,0.620361657656201,9.14834206506971,2,0.5,7,"train"
"GCA_002849855","Vibrio azureus",3.82365909190743,0.774111754490161,8.77644335402799,3.25,0.5,6,"train"
"GCA_000967545","Vibrio galatheae",2.98765421156848,0.306056954704846,8.631904862326,3.5,0.5,8,"train"
"GCA_900162645","Vibrio palustris",3.68881833328887,1.06761031062029,9.55502796621512,4,1,10,"train"
"GCA_024347055","Vibrio porteresiae",2.28032150334578,0.39056011652492,6.634470374316,1.5,0,5,"train"
"GCA_900149295","Vibrio spartinae",2.97549365953973,0.497543822777307,9.46767603163605,4,1,10,"train"
"GCA_003716875","Vibrio zhugei",3.74123116351569,1.38333939560494,9.28895227264873,6.5,1,17,"train"
"GCA_023555375","Guyparkeria hydrothermalis",6.89916174046662,2.62087595503312,16.5794502759335,2.5065245,2.5,11.6886,"test"
"GCA_003732545","Salinisphaera halophila",6.62759416029594,3.04906100869874,13.6680126290272,16.5,6,29,"train"
"GCA_003788635","Salinisphaera orenii",6.095084534329,3.07991443495584,12.8901298285043,15,5,25,"train"
"GCA_014644575","Alcanivorax dieselolei",5.04601765099253,1.22369462407148,12.8344427312263,5.25,1,15,"train"
"GCA_000300995","Alcanivorax hongdengensis",3.26294691502166,1.11055519488063,10.4508901088577,5.5,0.5,15,"train"
"GCA_002864685","Alcanivorax mobilis",4.31209225707082,1.02972819803464,13.137309495249,3.5,1,12,"train"
"GCA_900107725","Microbulbifer marinus",4.65451703397229,2.19738951209386,10.3882207001708,2.5,0,7,"train"
"GCA_900100355","Microbulbifer yueqingensis",5.08103564870264,2.20380726831077,11.3306870579919,2.5,0,10,"train"
"GCA_002866825","Halioglobus lutimaris",3.57477862726657,1.5526174666272,8.77500174150708,2.5,0.5,6,"train"
"GCA_003457605","Halioglobus sediminis",3.43220973414551,1.25202957576133,9.81568030545162,2.5,1,5,"train"
"GCA_002868715","Kineobactrum sediminis",3.73715207100733,1.17250233026637,9.16068286295987,2.5,1,7,"train"
"GCA_001886615","Halomonas aestuarii",6.15145665020933,1.03761607285781,18.1411464166721,6.5,1,20,"test"
"GCA_900108215","Halomonas desiderata",6.84187136242168,0.847982587631924,16.745002173242,7.5,1,15,"test"
"GCA_014192285","Halomonas fontilapidosi",6.8434627252588,1.53290521162526,18.5402914821754,6.25,3,20,"test"
"GCA_014192055","Halomonas organivorans",6.52667913395614,1.46933678491312,18.2901576742981,8.75,1.5,30,"test"
"GCA_900116405","Halomonas saccharevitans",7.14690280482857,1.79891159777027,18.446445245646,5.25,0.5,15,"test"
"GCA_002930105","Halomonas saliphila",8.00235804361222,1.32270616861159,19.0846062103142,12.5,0,17,"test"
"GCA_002155145","Kushneria konosiri",8.47019365784136,2.4025752581192,19.6279050184861,15,0,26,"test"
"GCA_000686905","Marinospirillum insulare",4.30161812127907,0.82072464748562,10.6577472537883,2.5,0.5,10,"test"
"GCA_000378505","Modicisalibacter luteus",6.9656791619569,1.31809038812888,16.7412100503593,7.5,1,20,"test"
"GCA_003206155","Salinicola halophilus",6.82062961796887,1.83722598425426,16.5172255342222,8.75,3,25,"test"
"GCA_003206135","Salinicola salarius",5.72226393425807,1.54249166999451,14.976664263032,15,0,25,"test"
"GCA_002233755","Acinetobacter piscicola",0.0887763928215666,0,3.33025580951564,0,0,2,"train"
"GCA_006352475","Acinetobacter pullicarnis",0.142550871165019,0,4.35747768506729,0,0,2,"train"
"GCA_001676655","Perlucidibaca aquatica",0,0,0.0459689318263159,0,0,1,"train"
"GCA_014652895","Psychrobacter glaciei",3.86547507729807,1.22179226517109,8.81070218209594,3,0,8,"train"
"GCA_000691225","Nitrincola lacisaponensis",5.20638631713294,0.768944580367997,11.5569219357117,4.64,1.16,7.54,"test"
"GCA_004364635","Halospina denitrificans",8.73132407939708,3.52671051855486,18.5417166835904,15.95,11.8,29,"train"
"GCA_000170835","Marinobacter algicola",5.19271388563791,1.58336467281172,12.3118402132856,4.5,1,12,"train"
"GCA_003363485","Marinobacter flavimaris",5.35865690463356,1.50662462206842,12.798950557468,4,0,21,"train"
"GCA_023156235","Marinobacter goseongensis",4.71399758042919,0.896595331921128,12.2316179803386,4.5,1,25,"train"
"GCA_014201735","Marinobacter oulmenensis",7.70514360931497,2.37051967735139,16.494751237149,6.25,0,15,"train"
"GCA_900111555","Marinobacter segnicrescens",6.59712773484801,1.59521745551092,16.0356798242209,6,1,15,"train"
"GCA_900114775","Marinobacter zhejiangensis",4.71258767912832,1.4045451878874,11.4752862505909,2,0.5,10,"train"
"GCA_002307495","Halopseudomonas abyssi",3.64028630960373,0.34516741717067,10.3861882411814,5,0,18,"train"
"GCA_000410875","Halopseudomonas pelagia",3.028341527057,0,9.15336991062125,1.5,0.5,8,"train"
"GCA_008638305","Halopseudomonas profundi",4.82584933915292,0.687703267532859,10.892510532683,1.5,0,10,"train"
"GCA_005863185","Pseudomonas_E edaphica",1.15189597117567,0,5.06082724258801,0,0,6,"train"
"GCA_000425625","Stutzerimonas azotifigens",3.16030961694038,0.132635992481333,9.41004713117299,3.75,2.5,5,"train"
"GCA_003696285","Stutzerimonas nitrititolerans",3.45723837879978,0.269305164620593,10.2304099340022,1.5,0,9,"train"
"GCA_001267175","Thiopseudomonas alkaliphila",2.94420937670605,0,8.55568482185436,5,0,8,"train"
"GCA_000421765","Thiopseudomonas caeni",2.71072302368744,0,6.43691969203154,0.75,0,3,"train"
"GCA_900112605","Thiohalospira halophila",9.75006775075738,4.75111122343225,19.960896618931,20.3,11.6,29,"train"
"GCA_000381085","Thiomicrorhabdus arctica",1.9036640946034,0.322580014686985,5.10460561640668,1.4555375,0.233772,7.246932,"train"
"GCA_001677435","Woeseia oceani",4.30875490516279,1.65447084782864,9.6236576534544,2,0.5,8,"train"
"GCA_003977615","Dyella_B dinghuensis",0.680920383560379,0,2.13672498589838,0,0,1,"train"
"GCA_016904945","Dyella_B mobilis",0.772415089825473,0,3.13840441533883,0,0,2.5,"train"
"GCA_014643775","Arenimonas soli",1.08096434587919,0,5.0938846611129,0,0,4,"train"
"GCA_003416885","Luteimonas_B weifangensis",0,0.231608756310532,0.445200555286517,0,0,2,"train"
"GCA_007795095","Luteimonas_D granuli",0.912518677762848,0,5.70591524426704,0,0,3,"train"
"GCA_002895945","Lysobacter_B silvestris",0.305994328540114,0,3.66332039834795,0,0,1.5,"train"
"GCA_001431415","Stenotrophomonas humi",1.40312309556089,0,5.1909155367118,2.25,0.5,4,"train"
"GCA_900101175","Stenotrophomonas pavanii",1.36543794020269,0,5.10240029493034,1.85,0.7,3,"train"
"GCA_001431465","Stenotrophomonas terrae",0.76425864438691,0,4.38870320855857,2.75,0.5,5,"train"
"GCA_000426705","Spirochaeta_E cellobiosiphila",2.33247050203621,0.488214246762831,7.31784563302096,2.03,0.58,5.8,"train"
"GCA_002916695","Alkalispirochaeta alkalica",4.70539049910241,0.779836403038243,11.6903110132609,6.25,0,12,"train"
"GCA_002087085","Marispirochaeta aestuarii",2.19540453913073,0,7.67051232134488,1.75,0.6,5,"test"
"GCA_008329945","Thiospirochaeta perfilievii",0.604345782791743,0.38266770712498,3.32521942804774,2.03,0.58,5.8,"train"
"GCA_000266925","Acetomicrobium flavidum",0,0,0,0.404,0,1.5,"train"
"GCA_001701045","Cloacibacillus porcorum",0,0,2.8783459090906,0.7,0,1.4,"test"
"GCA_009936215","Athalassotoga saccharophila",0,0,2.91827947399912,0,0,1,"test"
"GCA_016908145","Marinitoga litoralis",1.66634444412079,0,7.32610677391158,2.6,0.8,4.6,"train"
"GCA_002895565","Petrotoga mexicana",1.85329577892143,0.187715029412685,9.05072245569492,0.15,0,20,"train"
"GCA_003185655","WN38 sp003185655",3.74737399485179,3.35754035050406,7.74398290536111,3.5,1,10,"train"
"GCA_014230055","Puniceicoccus vermicola",2.78459041809833,1.30823267011565,9.56447114661139,3.25,1,7.5,"train"
