"genbank_accession","species","ph_optimum","ph_min","ph_max","reported_ph_optimum","reported_ph_min","reported_ph_max","partition_ph"
"GCA_014647415","Haloarcula sebkhae",7.07043683230118,5.95658365023439,8.65750737873642,7.5,5,9,"train"
"GCA_000379085","Halomicrobium katesii",7.43587135603709,6.17124480910894,9.10008699429833,7.25,6.5,10,"train"
"GCA_000400975","Halarchaeum acidiphilum",5.57731839766366,4.58842514633785,6.95097099701804,4.45,4,6,"train"
"GCA_014647155","Halarchaeum nitratireducens",6.29879525060383,5.15994842166107,7.85841922330507,5.35,4.2,6.2,"train"
"GCA_014647115","Halarchaeum rubridurum",6.21644653273859,5.19818259433398,7.78359293733984,5.75,4.5,6.8,"train"
"GCA_002952775","Halalkaliarchaeum desulfuricum",8.38520326089422,7.1972040532745,9.90986343859204,8.9,7.8,9.5,"test"
"GCA_000336955","Haloferax larsenii",6.79119750024464,5.57814756729462,8.29068429255161,6.75,6,8.5,"test"
"GCA_000337815","Haloferax mucosum",7.04428085535396,5.69396955058815,8.57065447120572,7.4,6,10,"test"
"GCA_900113245","Halopelagius inordinatus",7.1638112416356,5.90915051157832,8.62469725999112,6.75,5.5,8,"test"
"GCA_900100875","Halopelagius longus",7.14600425844804,6.00061697593562,8.70090039208525,7.15,6,8,"test"
"GCA_900107665","Haloplanus vescus",6.37199723775844,5.41300778141597,7.68221955377744,6.25,5.5,7.5,"test"
"GCA_001469955","Haloprofundus marisrubri",7.57610614330577,5.8946343344894,9.44210799721178,7.25,5.5,9.5,"test"
"GCA_000336875","Halorubrum californiense",7.68868058568183,6.11744603152541,9.41670530157946,7.3,6.8,8.5,"test"
"GCA_000421805","Halorubrum ezzemoulense",7.73554532801848,6.02788877305304,9.44913369858912,7.25,6.5,9,"test"
"GCA_900116205","Halostagnicola kamekurae",7.75679346561031,6.52325227331563,9.26705440532697,6.75,6,9,"train"
"GCA_000517625","Halostagnicola larsenii",8.15856897680852,6.7592212770013,9.80124816553567,7.5,6,9,"train"
"GCA_000337495","Haloterrigena salina",7.72517210003116,6.48762294544984,9.33806116222295,7.5,6,9,"train"
"GCA_000337515","Halovivax asiaticus",7.01441537422904,5.82805148296926,8.4933568995884,7.25,6,9,"train"
"GCA_002156705","Natrarchaeobaculum aegyptiacum",8.48541720050962,7.07237773982418,10.2481541769121,9.25,7.5,10.5,"train"
"GCA_000337175","Natrinema gari",7.4467747527072,6.23173615677873,8.95636848588913,6.25,5.5,8.5,"train"
"GCA_900108095","Natronorubrum sediminis",8.98758826819929,7.34662115098707,10.9214496830437,9,8,11,"train"
"GCA_000337735","Natronorubrum sulfidifaciens",8.24449483051682,6.83065707467899,9.82250926284457,8.95,8,10,"train"
"GCA_020177375","Saliphagus infecundisoli",8.27051368545796,6.67317671774398,10.2812863699688,7.25,6,8.5,"train"
"GCA_003173335","Methanospirillum stamsii",6.6457679973759,5.36745539658664,8.37381811543267,7.25,6,10,"train"
"GCA_002153915","Methanonatronarchaeum thermophilum",9.74868949049694,8.27834063177687,11.3309893586348,9.6,8.2,10.2,"test"
"GCA_002243045","Methanolobus psychrotolerans",6.59570648205711,5.41904538945925,8.10031515378611,7.2,6,8.9,"test"
"GCA_000745485","Methanobacterium_D veterum",5.36442624679474,3.9519548011351,7.6523373303033,7.3,5.2,9.4,"train"
"GCA_023167465","Methanothermobacter_A tenebrarum",5.22500426253645,4.20423177954371,6.98792805641747,7.3,5.8,8.7,"train"
"GCA_004310395","Methanofervidicoccus abyssi",6.61498956199804,5.51208001474928,7.75931596458076,6.25,5,7.4,"train"
"GCA_900083515","Cuniculiplasma divulgatum",3.3595919493334,2.29721693805861,4.3876221807331,1.1,0.5,4,"train"
"GCA_000317795","Caldisphaera lagunensis",2.91346627042176,2.6253960822571,3.78497446890901,3.75,2.3,5.4,"train"
"GCA_000264495","Thermogladius calderae",5.3015351552511,3.93580473541293,7.29912511468717,7.1,6.5,8.2,"train"
"GCA_000258425","Fervidicoccus fontis",3.61413984438802,2.39171013538423,5.83725629329688,5.75,4.5,7,"train"
"GCA_000017945","Ignicoccus hospitalis",6.2048789321585,4.69744165877273,8.04827892020217,5.5,4.5,7,"train"
"GCA_001481685","Ignicoccus islandicus",6.39776871659884,4.73981470750576,8.19847536133106,5.8,3.8,6.5,"train"
"GCA_000145985","Ignisphaera aggregans",6.46616201126147,4.7493767372842,8.16543967947422,6.4,5.4,7,"train"
"GCA_001412615","Pyrodictium delaneyi",5.52002633207877,4.8418291120155,7.29863386064676,5,5,9,"train"
"GCA_020886315","Saccharolobus caldissimus",3.84912960715773,2.94823196776876,5.19651152905876,3,1.5,6,"test"
"GCA_014648235","Sulfodiicoccus acidiphilus",4.35247880191494,3.3909869641893,5.96460325759533,3.25,1.4,5.5,"test"
"GCA_017377855","Acanthopleuribacter pedis",7.80494122745268,6.14369856541552,9.65829530741612,7.5,5,9,"train"
"GCA_900108185","Bryocella elongata",5.2414496650196,3.89402602576615,6.89567503123379,4.95,3.2,6.6,"train"
"GCA_014642855","Edaphobacter acidisoli",4.97840796696643,3.65199184591303,6.69115619145946,4.75,3,7,"train"
"GCA_000745965","Edaphobacter aggregans",5.81281209541468,4.1824106935809,7.6280088094551,5.5,4.5,7,"train"
"GCA_004217555","Edaphobacter modestus",5.5602717429644,3.9888354322901,7.32014459793009,5.5,4.5,7,"train"
"GCA_900114625","Granulicella_C pectinivorans",5.34201160855305,3.9807599237417,6.92867215225351,4.15,3,7.5,"train"
"GCA_900188085","Granulicella_C rosea",5.23229458161203,3.99275586368627,6.85010086569413,4.5,3,7.5,"train"
"GCA_004115155","Granulicella_C sibirica",5.6411718106186,4.15823839084289,7.21276275053197,4.75,3.5,7,"train"
"GCA_001618865","Luteitalea pratensis",6.96388786816074,5.26063413478393,8.94736324413297,6.8,5.3,8.3,"train"
"GCA_000023265","Acidimicrobium ferrooxidans",3.70340270145066,2.96042510626505,4.8212294310064,2,2,2,"train"
"GCA_000745905","Ferrimicrobium acidiphilum",3.58526130227843,2.81521103693028,4.44238648561751,2,1.4,2,"train"
"GCA_900128965","Ferrithrix thermotolerans",4.08232257342852,2.80182489952038,5.32948580107082,1.8,1.6,1.8,"train"
"GCA_003752405","Bogoriella caseilytica",9.0261216899962,6.74406360291741,11.2847334342054,9.5,9,10,"train"
"GCA_009193135","Oceanitalea satyanarayanai",8.60478615087672,6.55069264517352,10.8922091210888,8.25,4,12,"train"
"GCA_004353825","Occultella glacieicola",8.32333446813685,6.10020450761943,10.7390742787916,7.5,6,10,"train"
"GCA_000421225","Ruania albidiflava",8.35734513348541,6.21230508851647,10.7071030398686,8.5,5.5,12.5,"train"
"GCA_900637625","Bifidobacterium vaginale",6.54409179497644,4.37019285856015,8.38642781358988,6.25,4.5,6.5,"train"
"GCA_013623835","Brevibacterium oceani",7.77632662179961,5.63225537643071,9.97468821339154,6.8,5.2,9.5,"test"
"GCA_014643055","Brevibacterium sediminis",7.87675980541857,5.77356714331889,9.96876272838312,7.5,5,11,"test"
"GCA_014639315","Sediminivirga luteola",8.65621833030042,6.60507517020295,10.6683196733312,8.5,6,12,"test"
"GCA_000767165","Actinotalea bogoriensis",8.15185214029447,6.13152511437709,10.4364711258117,9.5,6,10.5,"train"
"GCA_016862675","Cellulomonas chitinilytica",7.05421285239385,5.09907311253995,9.55127713089416,7.2,5,8.5,"train"
"GCA_016862735","Cellulomonas oligotrophica",7.60019295281777,5.63362425841517,10.0357950784242,9,6,11,"train"
"GCA_900167525","Isoptericola flavus",8.2261280569191,6.03831545871428,10.6911445873674,6.75,5.5,10.5,"train"
"GCA_900105445","Paraoerskovia marina",8.13275785512535,6.15095761040506,10.6883405853885,7.1,4.1,12.1,"train"
"GCA_002564005","Sanguibacter antarcticus",7.79215161554391,5.77806734936991,9.99291829299866,5.5,4,9,"train"
"GCA_900096585","Sanguibacter gelidistatuariae",7.68363457746016,5.66846568690423,9.90042848713888,7.45,6,9.5,"train"
"GCA_007992835","Knoellia locipacati",6.89861834183544,4.98943739598065,9.07513596746788,7.5,6,9,"train"
"GCA_007828725","Marihabitans asiaticum",7.6152848958784,5.81137254772397,9.64815355542891,9,9,9,"train"
"GCA_009858245","Ornithinibacter aureus",7.42890259446674,5.40958878196364,9.54979305131601,7.2,5,10.2,"train"
"GCA_006519705","Ornithinimicrobium sp001942405",8.33842968235942,6.36503870732169,10.4994148516751,9,9,9,"train"
"GCA_013408925","Pedococcus badiiscoriae",6.22149602558248,4.33839288248503,8.21654157565693,8.6,5.1,11.1,"train"
"GCA_004153545","Serinicoccus sediminis",7.97819828928037,5.94690772267778,10.2506457968692,8.5,4,12,"train"
"GCA_014640535","Cnuibacter physcomitrellae",7.25358257154152,5.15006065631537,9.79717655764401,7.25,5.5,9,"train"
"GCA_900101115","Cryobacterium psychrotolerans",7.59725499541269,5.53985694407254,9.78967151284013,6.5,5,10,"train"
"GCA_001571045","Curtobacterium ammoniigenes",5.49103961464941,3.88190138432849,7.41020695960593,4,3.5,8,"train"
"GCA_003634555","Frondihabitans australicus",5.58537479440582,4.11525531061248,7.52927538416489,9.1,6,9.5,"train"
"GCA_003014675","Labedella gwakjiensis",7.92720699417961,5.83866349721431,10.4665748740767,7.1,5.1,10.1,"train"
"GCA_013408745","Leifsonia soli",6.77164067937315,4.87679575828636,9.22635631779923,6.8,5,9,"train"
"GCA_009930795","Marisediminicola antarctica",8.09008640466057,5.8382579999549,10.5047126992001,7,5,10,"train"
"GCA_000956545","Microbacterium azadirachtae",7.03291633459586,4.93150155585706,9.39463916050326,7.5,5,10,"train"
"GCA_015278285","Microbacterium invictum",7.87628295410326,5.77712464726444,10.4069528758524,7.8,6,9.5,"train"
"GCA_019753765","Microbacterium marinilacus",8.15497986092875,6.08562821850185,10.5724017243509,9,6,11,"train"
"GCA_000763375","Microbacterium profundi",7.94455133608718,5.89240403263277,10.3472463553552,7.5,6,9.5,"train"
"GCA_006788875","Microbacterium_A agarici",7.86052380092289,5.84657370837204,10.0900942726514,7.5,6,11,"train"
"GCA_004217495","Microterricola gilva",7.99990938940222,5.78379712783011,10.4465143069634,7.6,6.1,10.1,"train"
"GCA_003097495","Naasia flava",7.36481348206122,5.39573555046038,9.78800355569087,7.5,6,9,"train"
"GCA_013410595","Pseudoclavibacter_A caeni",7.29082931272929,5.40215782128038,9.36908866614901,7.25,4,8.5,"train"
"GCA_014645015","Rhodoglobus xinjiangensis",7.50768467303673,5.25562961603478,9.96351008063035,7,5,9,"train"
"GCA_004357995","Arthrobacter_D crusticola",7.93685122994683,5.80139286295665,10.0280824191496,7.5,6,9,"train"
"GCA_011758685","Auritidibacter ignavus",8.69943933468316,6.49475168320295,10.7096847476855,9,7.4,9,"train"
"GCA_014204815","Micrococcus flavus",7.44171250985343,5.66433449245051,9.34317279070909,6.1,5,9,"train"
"GCA_000421745","Nesterenkonia alba",9.25346433632735,7.38611575001885,11.1528970311052,9.5,8,12,"train"
"GCA_004364585","Nesterenkonia aurantiaca",8.62706085026793,6.7622940636694,10.4016887027369,9,6.5,10,"train"
"GCA_003595215","Nesterenkonia natronophila",8.89476219699076,6.94388032846977,10.732164420676,10,7.5,12,"train"
"GCA_019575955","Nesterenkonia pannonica",8.90772392918068,6.96105637662464,10.9504485122758,9.5,6,12,"train"
"GCA_013410745","Nesterenkonia xinjiangensis",9.15487532742761,6.86178521042085,11.1569907468424,9.5,7,12,"train"
"GCA_017876575","Paeniglutamicibacter psychrophenolicus",7.51210847525671,5.54035094273762,9.70536583607492,9,6,10,"train"
"GCA_900105965","Specibacter alpinus",7.41516403509106,5.31709969615695,9.72918917805863,7.1,6,9,"train"
"GCA_017876675","Specibacter stackebrandtii",7.47789189650983,5.34838739935548,9.77605965542841,7.4,5.7,9.1,"train"
"GCA_900105925","Jiangella alkaliphila",8.20539661960182,5.93019371637839,10.8231974467139,9.1,6.1,10.1,"train"
"GCA_010550695","Phytoactinopolyspora alkaliphila",8.5137575624261,6.25497026713022,10.9653106073209,9.5,6,11,"train"
"GCA_003075095","Blastococcus litoris",7.74628453290755,5.62229480604685,10.0945416607128,8,4,11,"train"
"GCA_002938435","Blastococcus saxobsidens",8.04258881422875,5.86868995821755,10.2530187168209,6.8,5,8.6,"train"
"GCA_008124835","Blastococcus xanthinilyticus",7.84452336012607,5.81554878250571,10.0843981687788,7.25,6,10,"train"
"GCA_016862555","Asanoa siamensis",7.02206030910976,5.03344583120168,9.63551537097766,9,6,12,"train"
"GCA_003236315","Micromonospora craterilacus",7.01053907399271,5.18710053801731,9.56098354673909,7.5,6,12,"train"
"GCA_902825405","Micromonospora maritima",6.88946506267068,5.14420724501999,9.54705990924075,7.65,6,8,"train"
"GCA_006228125","Micromonospora orduensis",7.0039243766959,5.18915384123866,9.5331535599115,7.2,5,11,"train"
"GCA_011927785","Micromonospora profundi",7.10864438045409,5.20707340316632,9.65491150061411,7.5,6,11,"train"
"GCA_900089585","Micromonospora sediminicola",7.0882434008743,5.24316730813378,9.72584827535945,9,6,12,"train"
"GCA_016863575","Micromonospora sediminimaris",7.31053067182252,5.44659398094982,9.76061607090178,6.25,3.5,10,"train"
"GCA_014874095","Plantactinospora soyae",7.19531347290472,5.38547106226807,9.71493139714862,7.5,6,10,"train"
"GCA_016862975","Rugosimonospora africana",5.41308904949902,3.80358559317726,7.74503092748019,5.5,4.5,7.2,"train"
"GCA_001571025","Corynebacterium humireducens",7.85146204138197,6.0507751858445,9.64973762524538,9,7,11,"train"
"GCA_014673215","Gordonia hankookensis",6.6223525775156,4.55811232181296,8.57322637381348,7.25,4.5,10,"train"
"GCA_003797185","Gordonia oryzae",5.95390828867494,4.19322894037887,7.81363885730567,7.5,4,9,"train"
"GCA_000423025","Gordonia shandongensis",7.07674857852897,5.18099083516225,8.90538729020462,7.3,5.5,9,"train"
"GCA_014191505","Hoyosella altamirensis",8.18675878376535,6.02923851582841,10.3138348415691,8,6,11,"train"
"GCA_014643175","Hoyosella rhizosphaerae",8.08060005088434,5.92985543010085,10.1619771449297,7,5.5,9.5,"train"
"GCA_014646135","Nocardia camponoti",6.38981765088561,4.66106660557426,8.31941723348288,7,5,10,"train"
"GCA_001613145","Nocardia jejuensis",6.6345339261067,4.7510790164322,8.68242138384118,7.6,4.1,10.1,"train"
"GCA_001613245","Nocardia speluncae",7.52912921148058,5.53108823184519,9.5649375512895,9.1,6.1,12.1,"train"
"GCA_007713745","Amycolatopsis acidiphila",6.62046664201921,4.52663786614107,8.97475557949072,5.75,4.5,7.5,"train"
"GCA_003312875","Amycolatopsis albispora",7.55155656088873,5.49151560601629,9.98203569949023,8.5,5,11,"train"
"GCA_002262875","Amycolatopsis antarctica",7.87585662455315,5.70437977262181,10.24343691606,7.5,6,10,"train"
"GCA_014174495","Amycolatopsis echigonensis",6.47860196768197,4.49616763718759,8.78823828739124,9,6,11,"train"
"GCA_002846615","Amycolatopsis echigonensis",6.46242029640146,4.50375265347688,8.77223194767158,9,6,11,"train"
"GCA_900110575","Amycolatopsis saalfeldensis",6.60757737686775,4.51900751764348,9.17672812720946,6.25,4.5,8,"train"
"GCA_900107045","Amycolatopsis xylanica",6.93177023268909,4.93928753664623,9.50812470848774,7.5,6,9.5,"train"
"GCA_006715045","Amycolatopsis_D cihanbeyliensis",7.92120002178728,6.00364758266852,10.2701531831321,7.2,6,12,"train"
"GCA_016907955","Lentzea nigeriaca",7.15820420925389,5.12531454984978,9.76453045050127,7.2,5,10,"train"
"GCA_014646255","Lentzea pudingi",7.35298410746051,5.27819220397417,9.97220138071852,7.5,6,10,"train"
"GCA_014646075","Saccharopolyspora subtropica",7.64777433488368,5.37317177358142,9.83137850767223,8,6,11,"train"
"GCA_900115565","Yuhushiella arida",7.45886373711062,5.59717847476751,9.64479060859214,9,9,9,"train"
"GCA_000969705","Nitriliruptor alkaliphilus",8.48973266019915,6.29746110862771,10.6635696586729,9.25,8.2,10.6,"test"
"GCA_013408555","Aeromicrobium tamlense",7.56703883725841,5.6645997505904,9.98774903769676,7.1,5.1,10.1,"train"
"GCA_003660455","Nocardioides ferulae",8.14593412349199,5.92918290443394,10.4887553338414,7,5,10,"train"
"GCA_021083185","Nocardioides furvisabuli",7.90393106514193,5.7291069149021,10.3559895858775,7.1,5.1,10.1,"train"
"GCA_015070375","Nocardioides kribbensis",8.1005310162975,5.74587929507588,10.5932775919389,9,6,11,"train"
"GCA_006346315","Nocardioides litoris",8.20873785938311,5.90677772089889,10.7742665425113,7.6,5.1,9.1,"train"
"GCA_013409965","Nocardioides marinisabuli",8.20515336999074,5.83350498227852,10.6497575506307,7.6,5.1,12.1,"train"
"GCA_013408145","Nocardioides marinus",7.82743134492173,5.75527075382706,10.3134999362075,7.5,6,9,"train"
"GCA_900112345","Nocardioides terrae",6.40286753448595,4.62779524182058,8.55451384396849,6.35,5.5,8.5,"train"
"GCA_007197885","Arachnia rhinocerotis",8.00610272467906,6.1336988118477,10.3052701674623,7.5,6,12,"train"
"GCA_900092135","Raineyella antarctica",6.40136730075745,4.79452091958273,8.37539816949102,7.8,4,9,"train"
"GCA_007829815","Kitasatospora viridis",5.64633543487926,4.04195603196105,8.03318299178873,5.5,4,7,"train"
"GCA_000744815","Streptacidiphilus_A oryzae",5.91629496204316,4.37027997554818,7.97296273864284,5.5,3,6.5,"train"
"GCA_000717315","Streptomyces althioticus",7.4607195742366,5.55997515998088,9.71052650999889,5,4.2,6,"train"
"GCA_003719395","Streptomyces altiplanensis",8.1054433081501,5.86315472530253,10.4739089374381,10,9,11,"train"
"GCA_009908195","Streptomyces boluensis",7.67138229768308,5.54477125758503,9.92712464570189,7.2,7,12,"train"
"GCA_014646115","Streptomyces camponoticapitis",7.57483560535401,5.52736936971702,9.90487907464177,7.5,6,10,"train"
"GCA_003675325","Streptomyces dangxiongensis",6.74890543262681,4.84179198919424,9.03516909618701,7.5,5,9,"train"
"GCA_001735805","Streptomyces fodineus",6.14861514311612,4.43585797236334,8.39814058363024,6.5,5,9,"train"
"GCA_014647975","Streptomyces fumigatiscleroticus",7.15096758647135,5.27338410094422,9.48377031045989,7.5,5,10.5,"train"
"GCA_021556455","Streptomyces fuscigenes",6.09594441598443,4.20653770073822,8.11106192641696,7.5,4,10,"train"
"GCA_900114215","Streptomyces pini",7.73691949326392,5.8998398982017,9.98607178606126,7,5,11,"train"
"GCA_900110255","Streptomyces rubidus",5.52632163281623,3.84284727522172,7.71386864715394,6.25,4.5,7,"train"
"GCA_900107965","Streptomyces yanglinensis",5.39553091196296,3.82270207693231,7.50077239388849,6.25,4.5,7,"train"
"GCA_000745345","Streptomyces yeochonensis",5.64476921950215,4.16686102988236,7.70817884343398,5.8,4.3,7.3,"train"
"GCA_014203805","Lipingzhangella halophila",8.46835322631541,6.55271111788752,10.4928918747661,9.5,7,11,"train"
"GCA_000341005","Nocardiopsis alkaliphila",8.30906010085142,6.4517506144912,10.3965665250745,9.75,7,12,"train"
"GCA_000340985","Nocardiopsis exhalans",8.63319725361672,6.54751207043903,10.928385273646,11.25,8,14,"train"
"GCA_000341085","Nocardiopsis ganjiahuensis",8.44356612368047,6.4471024911499,10.6620225391509,9,8.5,13,"test"
"GCA_000341025","Nocardiopsis salina",8.85641771807045,6.60993179462009,11.0314093281,7.2,6,9,"test"
"GCA_000341185","Nocardiopsis_A chromatogenes",8.17397020051928,6.25112974494407,10.4899996563826,7.2,6,9,"test"
"GCA_024172125","Spirillospora rupiterrae",6.22311064601763,4.51954988643303,8.26828987217523,7,5,11,"test"
"GCA_900142435","Thermocrinis_A minervae",6.02582136338695,4.47635863410388,7.36662886231203,5.9,4.8,7.8,"train"
"GCA_900182585","Balnearium lithotrophicum",6.55538734563166,5.08256890765464,7.79396720467902,5.9,4.9,7.2,"train"
"GCA_000185805","Thermovibrio ammonificans",6.4251360248532,5.50677996384375,8.0250951332839,5.5,5,7,"train"
"GCA_001544355","Alicyclobacillus acidiphilus",3.90796532079727,2.57630509001552,5.69133401880839,3,2.5,5.5,"train"
"GCA_900156755","Alicyclobacillus vulcanalis",3.93042475593542,2.50047055668936,5.68939458305202,4,2,6,"train"
"GCA_001399675","Alicyclobacillus_B ferrooxydans",3.6904189095697,2.62952368235387,5.40379879463057,3,2,6,"train"
"GCA_900142255","Alicyclobacillus_I montanus",4.17562135917695,2.59594967825869,6.02248471691352,3,1.5,4.5,"train"
"GCA_007827555","Aeribacillus composti",7.62557747371371,5.6164135479956,9.25621727872931,9,5.5,10,"train"
"GCA_001908025","Geobacillus proteiniphilus",6.9235601617989,5.34707939858694,8.68580302114511,7.25,5.8,8,"train"
"GCA_009674805","Metabacillus_C lacus",8.07485893250518,6.05990930992951,9.8063547318133,9,9,9,"train"
"GCA_001591825","Rossellomorea vietnamensis",7.97537593806873,6.05044121126286,9.6016104762991,8.25,6.5,10,"train"
"GCA_001883995","Bacillus_A paranthracis",7.93725428358132,5.67843434882104,9.82986432973003,7.5,5,10,"train"
"GCA_002156865","Gottfriedia luciferensis",6.99452503100112,5.08933922418327,8.77335342142636,7,5.5,8.5,"train"
"GCA_002019645","Litchfieldia alkalitelluris",8.49566215611046,6.59842615088731,10.0208086183778,9.25,7,11,"train"
"GCA_001439605","Cytobacillus praedii",8.04598629565474,5.96154425513317,9.62900090589991,9,5,12,"train"
"GCA_000307875","Neobacillus bataviensis",7.49608426321474,5.48115296913852,9.09106530429321,7.5,4,10,"train"
"GCA_001591445","Neobacillus drentensis",7.39943379187092,5.52562888500086,8.99340319114391,7.5,5.5,10,"train"
"GCA_001591485","Neobacillus fumarioli",5.93207559379812,4.23564651150917,7.60370890017872,5.5,4,6.5,"train"
"GCA_010975035","Neobacillus thermocopriae",7.80934032903257,5.87509376160876,9.33712329922164,7.2,6,10,"train"
"GCA_002200915","Lysinibacillus boronitolerans",7.88762848795261,5.94387606450212,9.51753057595123,7.5,5.5,9.5,"test"
"GCA_014643595","Metalysinibacillus alkalisoli",9.03596841183185,6.92197809031725,10.6543362361315,8.5,6,10,"test"
"GCA_003719725","Planococcus salinus",8.97970307707063,7.0622849642949,10.4403865715976,9,7,9,"test"
"GCA_900609045","Sporosarcina tadaridae",8.38641239432156,6.47363363330478,9.81204001529558,7.5,6.5,9.5,"test"
"GCA_000306965","Amphibacillus_C jilinensis",9.71537169168184,7.60840495933872,10.9855841355032,9,7.5,10.5,"train"
"GCA_900110345","Amphibacillus_D marinus",9.47219834911489,7.32305874706609,10.8476390456868,9,7.5,10,"train"
"GCA_007991355","Halolactibacillus alkaliphilus",9.11223905894848,6.8636923050403,10.1863919285652,12,7.5,13,"train"
"GCA_007990305","Halolactibacillus miurensis",9.41718387187904,7.38830234204855,10.4336092726381,9.5,6,10,"train"
"GCA_900112045","Lentibacillus halodurans",8.88958648265671,6.77365235320427,10.4317210149974,7.25,6,9,"train"
"GCA_014647195","Oceanobacillus indicireducens",9.3580742976912,7.47375455065326,10.71578144935,10,7,12,"train"
"GCA_008304605","Oceanobacillus polygoni",9.08316488147664,7.07223108231551,10.5851303196727,9,7,12,"train"
"GCA_000709085","Virgibacillus_B alimentarius",8.76092266210359,6.49741700348485,10.2200697427558,10,7,11,"train"
"GCA_900113125","Halobacillus alkaliphilus",8.58399341232298,6.48195367749575,10.2098523160188,9,6,10,"train"
"GCA_001866055","Anaerobacillus alkalidiazotrophicus",8.75012403479027,6.9255886798383,9.83319945825681,9.5,7.8,10.6,"train"
"GCA_004116265","Anaerobacillus alkaliphilus",8.20422327423255,6.48182175003338,9.61131522346446,9.5,7,11,"train"
"GCA_002156385","45385 sp002156385",8.89349954579199,6.95018822328705,10.4562992238149,9,7,11,"train"
"GCA_001592025","Alkalihalobacillus trypoxylicola",9.17142401508126,7.17731990220311,10.6309741425562,9,8,10,"train"
"GCA_000513135","Halalkalibacter akibai",8.91034553975562,6.88105835525272,10.3909895544906,9.5,8,10,"train"
"GCA_000513115","Halalkalibacter hemicellulosilyticus",10.0087456958434,7.4937418984781,11.8373509244234,10,8,11,"train"
"GCA_007830185","Halalkalibacter nanhaiisediminis",8.57212209380679,6.85293724391787,9.81019718842617,9,6.5,10,"train"
"GCA_000787375","Halalkalibacter okhensis",9.15481592397293,7.06788215446818,10.4051179914032,9,7,10,"train"
"GCA_000513095","Halalkalibacter wakoensis",8.98560497042188,7.16394620999656,10.1792458103987,9.5,8,10,"train"
"GCA_019039105","Desertibacillus haloalkaliphilus",9.08218021092454,7.40941700870205,10.1991378992428,9,7,10.5,"train"
"GCA_900114715","Salibacterium qingdaonense",8.45817309420899,6.65135027722865,10.0958942841296,9,6.5,10.5,"train"
"GCA_900103955","Alkalicoccus daliensis",9.5146725488108,7.65791431109653,11.0035170402292,9,7.5,11,"train"
"GCA_003044065","Alkalicoccus saliphilus",9.61222448093462,7.71206009038868,11.0655862980123,9,7,10,"train"
"GCA_002993335","Alkalicoccus urumqiensis",9.90505903750305,7.84819594304626,11.6983034576299,9,6.5,10,"train"
"GCA_000429705","Alteribacter aurantiacus",9.52216118616874,7.36270973070009,11.0959082635472,9.75,8,12,"train"
"GCA_003226345","Alteribacter lacisalsi",9.53734748521405,7.56668749236715,11.1939537787492,9,8,10.5,"train"
"GCA_020519665","Bacillus_CA shivajii",9.41322237572309,7.4236637439273,10.8159859338495,9,6,10,"train"
"GCA_019042215","Evansella tamaricis",9.12281949026472,7.07723377730826,10.7340027470112,9,8,10,"train"
"GCA_900111295","Salipaludibacillus aurantiacus",9.51050695659774,7.38798813671481,11.2414150772802,9,8,11,"train"
"GCA_000615945","Bacillus_AT mannanilyticus",8.52468116058865,6.52563357902674,10.0249900524524,9,8,10,"test"
"GCA_000714435","Exiguobacterium alkaliphilum",8.20090702517012,6.56492746757107,9.74644831339122,9.5,6.5,12,"train"
"GCA_001543205","Aerococcus urinaeequi",8.42652850830537,6.8649874215748,9.6911918657703,8.75,6.5,9,"train"
"GCA_003008695","Trichococcus alkaliphilus",8.55894249927028,7.0396110544188,10.0280991312597,9,7,10.5,"train"
"GCA_003052295","Trichococcus paludicola",8.41262825359201,6.914097849538,9.73433458434233,9,7,10.5,"train"
"GCA_900109085","Alkalibacterium gilvum",8.9037073516824,7.0984767772297,9.94707390955441,9,7,10,"train"
"GCA_007991315","Alkalibacterium pelagium",9.72452548950412,7.70987458070352,11.1404486687627,9.25,7,11,"train"
"GCA_900101165","Alkalibacterium thalassium",9.50273658683575,7.64076561957582,10.8465684768136,9,7,11,"train"
"GCA_001465345","Enterococcus rotai",8.53576285439379,6.93015093260946,9.96754715529826,9.6,9.6,9.6,"test"
"GCA_001730315","Enterococcus ureilyticus",8.37847163979413,6.87981435604306,9.70437272061869,9.6,9.6,9.6,"test"
"GCA_004309355","Enterococcus_A florum",8.42779556200323,6.83207121625777,9.82267622510581,7.25,6,10,"test"
"GCA_001885995","Enterococcus_G italicus",7.98645676322096,6.34473232850774,9.56453950682203,9.6,9.6,9.6,"test"
"GCA_007991535","Tetragenococcus koreensis",9.32395334579467,7.37615580450934,10.787868976438,9,9,9,"test"
"GCA_004359375","Acetilactobacillus jinshanensis",4.35047107732353,2.02233513176897,5.66988542690372,4,3,5,"train"
"GCA_002993965","Apilactobacillus timberlakei",4.35077233535629,2.40946888959466,5.82566136303931,5,2,6,"train"
"GCA_900112405","Fructobacillus durionis",5.95463497532821,4.58043921048929,7.39714750953937,3.9,3.9,3.9,"train"
"GCA_003946025","Lacticaseibacillus songhuajiangensis",5.49865393643756,4.62601348236606,6.84728175097988,4,4,4,"train"
"GCA_005405385","Lactiplantibacillus mudanjiangensis",5.9010897141987,4.98038456115263,6.97205832173946,4,4,4,"train"
"GCA_017874575","Lactobacillus colini",5.96028225098487,4.45737846445003,7.57520274492685,5.25,3.5,10,"train"
"GCA_001888925","Lactobacillus delbrueckii",5.37461022860984,4.28279361576413,6.67374948701676,4,4,4,"train"
"GCA_001435895","Lentilactobacillus parafarraginis",5.10416591420384,3.53568804585964,6.45141129481234,6.25,4,8.5,"train"
"GCA_019655995","Leuconostoc holzapfelii",5.49834367773895,4.01968238464684,7.0322059007042,3.9,3.9,3.9,"train"
"GCA_001434395","Levilactobacillus hammesii",5.61775046580158,4.45948064994058,6.84163499392419,5.95,4.7,7.2,"train"
"GCA_001437125","Levilactobacillus paucivorans",5.87904654615471,4.77138725284265,6.9299187566023,4,4,4,"train"
"GCA_001436755","Liquorilactobacillus aquaticus",5.96169009219895,4.32411973937533,7.75347688616591,6.25,4.5,8,"train"
"GCA_001435235","Liquorilactobacillus ghanensis",5.78689981365841,4.34813778436123,7.09953749252928,3.9,3.9,3.9,"train"
"GCA_001437075","Pediococcus stilesii",5.49318775796937,4.2585546957704,6.91378072906952,6.25,4.5,8,"train"
"GCA_004358325","Periweissella cryptocerci",6.13717156093105,5.03290673052028,7.72786525307085,6.5,5,8,"train"
"GCA_023657365","Periweissella ghanensis",5.03934366283961,3.87103251530148,6.11749739408192,3.9,3.9,3.9,"train"
"GCA_003627095","Lactococcus allomyrinae",6.09907679998132,5.09592882444719,7.48827358451858,7.5,6.5,9,"train"
"GCA_002154895","Lactococcus petauri",7.13381788530554,5.90666625281693,8.55742977511116,6.5,4,10,"train"
"GCA_006965445","Lactococcus protaetiae",6.0279568909482,4.90846944450447,7.55806849498669,6.5,5,8,"train"
"GCA_018403685","Xylanibacillus composti",7.76233707557141,5.76183638618418,9.68635775566661,10,7,10,"test"
"GCA_003217775","Paenibacillus_AB flagellatus",7.50010461909452,5.60413353758769,9.38190112754882,7.5,5.5,9.5,"test"
"GCA_001700435","Paenibacillus_E pectinilyticus",7.34459475156992,5.28699957052612,9.43218898121984,7.35,6,8.7,"test"
"GCA_003628305","Cohnella endophytica",6.7797095242221,4.99592770375273,8.91781657489469,7.5,6,9,"train"
"GCA_003217495","Paenibacillus barcinonensis",7.50556965851059,5.57795254014049,9.44107614461415,7.7,5,10.4,"train"
"GCA_008635805","Paenibacillus graminis",7.07259326360888,5.16911677732031,8.9825527581974,6.75,6,8.5,"train"
"GCA_000612505","Paenibacillus sabinae",6.80664904081638,5.06795798792356,8.63427008723776,7.2,4.2,10,"train"
"GCA_014639235","Paenibacillus silvae",7.70341679978631,5.60903290083701,9.72394444286102,8,5,11,"train"
"GCA_013359905","Paenibacillus taichungensis",7.75460504940377,5.74579264264216,9.79072779137554,7,5,11,"train"
"GCA_003994475","Paenibacillus_A anaericanus",7.75199034570818,5.78967381115887,9.64254004693183,7.7,5.8,8.5,"train"
"GCA_000422445","Paenibacillus_B assamensis",7.81016153920487,5.63907121166605,9.94266804015809,9.4,6.8,12,"train"
"GCA_000425125","Paenibacillus_B taiwanensis",7.34069075898928,5.19791108320302,9.20749863740492,7.5,4.5,10,"train"
"GCA_006542765","Pristimantibacillus luteus",8.18548900407168,6.10454908802357,10.3666215660861,7.25,6,10,"train"
"GCA_000621505","Ruminiclostridium cellobioparum",7.38081997590667,5.6500750680612,9.21868706003383,7.25,5,8.2,"train"
"GCA_003208175","Ruminiclostridium sufflavum",7.40243579169147,5.77801100247051,9.21421489202826,7.4,5.9,8.2,"train"
"GCA_016908415","Caldicoprobacter guelmensis",7.9159133303539,6.05921370201254,9.65050456396462,6.8,5,9,"test"
"GCA_001594005","Clostridium_AC tepidiprofundi",7.46506677037422,5.65017348850266,9.06392169939546,6.4,4,8.5,"train"
"GCA_003865095","Clostridium_AD tagluense",6.65511189971705,5.55060801896092,7.78604482356519,6.85,6,8,"train"
"GCA_900141845","Clostridium_AG cavendishii",6.70839115642551,5.41773226694567,8.26022644018844,7.45,6,8.5,"train"
"GCA_003096175","Clostridium_AM drakei",6.34490778178337,4.90235413409896,8.30676893941921,6.45,4.6,7.8,"train"
"GCA_002995785","Clostridium_AO liquoris",6.96786237233759,5.38178283800316,8.22902383615949,8,5.5,9,"train"
"GCA_000619945","Clostridium_AO lundense",7.32344239114849,5.75112770380671,8.80424630760156,6.25,5,8.5,"train"
"GCA_000686705","Clostridium_Z hydrogeniformans",7.07904333008202,5.49463284208236,8.27871553220281,7.9,5,10,"train"
"GCA_003600355","JN-1 sp003600355",5.43040838076746,3.88615669292223,7.46758642286239,5,4.5,8,"train"
"GCA_900099635","Proteiniclasticum ruminis",8.71248160387671,7.32604537204228,9.44475428211752,7.15,5.6,8.7,"train"
"GCA_003317055","Alkalibaculum bacchi",8.09337126186619,6.60111800188358,9.07606774018495,8.25,6.5,10.5,"train"
"GCA_001311925","Cellulosilyticum ruminicola",7.9666587286707,6.49966320745747,9.78367959189051,6.7,6,7.8,"train"
"GCA_014202875","Anaerocolumna cellulosilytica",7.60200378398817,6.31260767453208,9.12493749020871,7.6,6.2,8.5,"train"
"GCA_003752155","Mobilisporobacter senegalensis",7.60396317339663,6.24755880027849,9.13385554953349,7.8,6.5,9.3,"train"
"GCA_002874775","Monoglobus pectinilyticus",6.97269125504753,5.79781464344003,8.51861973552668,7.25,6,8.5,"train"
"GCA_003020045","Ethanoligenens harbinense",5.22063984352377,3.84909699459802,6.85455337252542,4.75,3.5,9,"train"
"GCA_004345265","Fournierella massiliensis",7.51379589351384,6.12783851118806,9.29341946143089,7.15,6,8.5,"train"
"GCA_010669305","Aminipila butyrica",7.13572323773686,5.93486787158051,8.88232001837405,6.45,5.3,8.2,"train"
"GCA_000423525","Proteocatella sphenisci",7.44708038610771,6.02016405633465,8.6710977570161,8.3,6.7,9.7,"train"
"GCA_018141405","Serpentinicella alkaliphila",7.66203769884351,6.30571116432398,8.65085110229743,9.5,7.8,10.1,"train"
"GCA_000597865","Peptoclostridium_A acidaminophilum",7.55782747521529,6.029643313081,9.26351509685785,7.25,6.5,8.4,"train"
"GCA_002724055","Tepidibacter_A mesophilus",8.16050328278702,6.48931039663093,9.64442293731211,7.3,6,8.9,"train"
"GCA_900142145","Geosporobacter subterraneus",7.68883425281776,6.20773764892995,8.96023945503244,7.3,5.6,8.4,"test"
"GCA_000620125","Clostridiisalibacter paucivorans",7.99960889121025,6.61552007981322,8.86295293397539,6.8,5.5,8.5,"train"
"GCA_900142005","Dethiosulfatibacter aminovorans",7.9005126291404,6.42555373268689,9.19347318821407,7.8,5.9,8.8,"train"
"GCA_001855385","Andreesenia angusta",8.12893706162735,6.68351528809847,9.44506400196719,8,6.5,10,"test"
"GCA_900129925","Anaerosphaera aminiphila",8.19267592967532,6.84280836630697,9.49609551292037,6.7,5.8,7.8,"test"
"GCA_900107485","Proteiniborus ethanoligenes",7.68764476858583,6.23447873425781,8.75592265969613,8.65,6.4,10,"test"
"GCA_017873955","Sedimentibacter acidaminivorans",7.97060334757843,6.37792817468447,9.35520928614876,7.25,6,8.5,"train"
"GCA_016765695","Sporosalibacterium faouarense",7.48629174319935,6.1865506812204,8.67041126818739,6.9,6.2,8.1,"train"
"GCA_900129075","Caldanaerobius fijiensis",6.06817548484073,4.57299313758637,7.79268205610951,6.8,4.5,8.4,"train"
"GCA_900129115","Thermoanaerobacter uzonensis",6.66685113487717,5.37787015128843,8.42514314208024,7.1,4.2,8.9,"test"
"GCA_003691585","Biomaibacter acetigenes",7.29565607350059,5.65107070685372,8.90016419944015,7.25,6,8.5,"train"
"GCA_900142995","Caldanaerovirga acetigignens",7.61607975636778,6.13382819896871,9.22176323700118,8.4,6.8,8.8,"train"
"GCA_003815015","Thermodesulfitimonas autotrophica",6.58733926515151,5.44927133035511,8.45129702157282,6.25,5.5,8.5,"train"
"GCA_002933875","Desulfocucumis palustris",7.22592153296778,5.63848865734591,9.06849224554517,6.75,5.8,8.4,"train"
"GCA_004143605","Desulfotomaculum aquiferis",7.53474922866724,6.05677414687184,9.20822143491108,7.4,6.2,8,"train"
"GCA_900129895","Desulfotomaculum hydrothermale",6.9360770508782,5.38356869688983,8.3987602507387,7.1,5.8,8.2,"train"
"GCA_002995755","Moorella humiferrea",7.26041269177775,5.88267088827259,9.0364167267682,6.9,5.5,8.5,"test"
"GCA_001950255","Carboxydothermus pertinax",6.51371064257079,5.64106056716775,8.0665343075007,6.25,4.8,8.6,"train"
"GCA_000384135","Succinispira mobilis",7.5624260331656,6.14480463463872,8.8758412674375,7.55,6.7,8.5,"test"
"GCA_900141835","Propionispora hippei",6.94888470435142,5.23738981851982,8.87719480719554,6.8,5,8.5,"train"
"GCA_000381005","Selenomonas_C bovis",6.7071619232325,5.17340048515111,8.43682854020188,7.1,4.2,8.3,"train"
"GCA_001611555","Anaerosporomusa subterranea",7.44805320207722,5.53018961601181,9.11490764726314,6.8,5,7.5,"train"
"GCA_003367905","Megasphaera stantonii",6.81154407839264,4.76796044503222,8.6803663008318,5.75,5,9,"train"
"GCA_000428745","Veillonella_A magna",6.64714524313769,4.98042779351978,8.41819984161732,7,5.5,9.5,"test"
"GCA_002216005","Natranaerobius_A trueperi",9.63591201848005,8.30142551151011,10.548626972851,9.5,8,10.8,"test"
"GCA_900142275","Anaerobranca californiensis",8.28551919143094,6.72952588447167,9.06480763317759,9.25,8.6,10.4,"train"
"GCA_002951815","Sulfobacillus thermotolerans",3.60232607841179,2.34450770427247,5.21967605462145,2,1.2,2.4,"test"
"GCA_000184705","Thermaerobacter marianensis",7.74784544262823,6.02187488233032,9.78111815572189,7.25,5.4,9.5,"train"
"GCA_023227765","Fuchsiella alkaliacetigena",8.83300454639155,7.82995692262865,9.854968964347,9,8.5,10.5,"test"
"GCA_016908315","Halanaerobacter jeridensis",7.45846973011447,6.48512799433886,8.84453523455947,8.3,5.5,9.5,"test"
"GCA_003865075","Bacteroides faecalis",7.24176359855055,5.80951526471643,9.22331872446235,5,5,9,"train"
"GCA_000373185","Prevotella paludivivens",6.0430054620728,4.47536062218854,8.22730560600874,6.2,4.7,7.6,"train"
"GCA_900095795","Petrimonas mucosa",7.29342104092028,5.74065445636006,9.14879467075849,7.65,6.3,9.1,"train"
"GCA_900095135","Proteiniphilum saccharofermentans",7.75935031902239,6.03721884361241,9.94637496740817,7.65,6.3,9.1,"train"
"GCA_002356295","Labilibaculum antarcticum",7.09956101524683,5.69123623931245,8.99048605833272,7.05,6.3,9.6,"train"
"GCA_018156225","Carboxylicivirga sediminis",7.11810066840412,5.54077005410995,9.14970822469243,7.25,6,8.5,"train"
"GCA_000974365","Geofilum rubicundum",7.49972002956856,5.83576722858917,9.44582660561544,7.8,6.9,9.3,"train"
"GCA_002201795","Natronoflexus saponilacus",8.07677100595033,6.38481031263591,10.0748922199038,9.7,7.5,10.5,"train"
"GCA_003576475","Draconibacterium luteum",7.08557518928777,5.72414208807786,9.045298765805,7.25,6,8.5,"train"
"GCA_900096565","Williamwhitmania taraxaci",6.54057645244907,5.28063900352711,8.15203120546093,6.9,5.5,7.8,"train"
"GCA_014529945","Chitinophaga varians",6.84832385644159,5.20779604834643,8.92802974189206,7,6,10,"train"
"GCA_003412455","Deminuibacter soli",6.38257307025874,4.63485244345996,8.35104281742855,7.25,5.5,9,"train"
"GCA_004366355","Dinghuibacter silviterrae",6.13105039176087,4.57639761500485,8.38042925492249,6.5,4,8,"train"
"GCA_003991195","Gynurincola endophyticus",7.33683131164683,5.58960641197318,9.33018334552501,7,4.5,9.5,"train"
"GCA_021044425","Niabella pedocola",6.67834823427497,5.17558448030543,8.89283424644641,7.75,5.5,10.5,"train"
"GCA_004291315","Pseudobacter ginsenosidimutans",7.19701492312654,5.62176202782518,9.37208943496865,6.5,5,8,"train"
"GCA_003991355","Pseudobacter rhizosphaerae",7.14567768051702,5.55099734094917,9.19239989007826,7,5,10,"train"
"GCA_014642875","Puia dinghuensis",6.08600602925119,4.47573061111192,8.27752452482371,4,3,6,"train"
"GCA_900167075","Sediminibacterium ginsengisoli",6.90151148603924,5.29766324607453,8.86132804171922,5.75,4.5,10,"train"
"GCA_900110645","Lewinella_A agarilytica",8.04225602318357,6.4206812415295,10.1043826416529,8.6,5.1,10.1,"train"
"GCA_017254835","Algoriphagus aestuariicola",7.53001772589097,5.86568744696493,9.4337246949934,7.25,6,10,"train"
"GCA_001442615","Algoriphagus resistens",7.56048192648389,5.98917911133716,9.57641725634683,6.75,5.5,8.5,"train"
"GCA_001593605","Algoriphagus sanaruensis",7.90487258062287,6.05452578246556,9.93012903696776,7,6,9,"train"
"GCA_900188245","Belliella buryatensis",7.81866303801349,5.97888412196353,9.63306340349671,8.25,7,10,"train"
"GCA_003990915","Chryseotalea sanaruensis",7.33640839895937,5.64859834823259,9.22231782319392,7.5,6,11,"train"
"GCA_014653175","Fabibacter thermotolerans",7.66185600008195,6.19202106444907,9.51888402079528,7.75,6,9,"train"
"GCA_018449405","Litoribacter ruber",8.11657900372237,6.41100762572966,9.99458657949955,9.5,8,12,"train"
"GCA_003003005","Mongoliibacter ruber",8.13881805243554,6.37498574818018,10.0305657397342,9.5,7.5,11.5,"train"
"GCA_014652135","Mongoliitalea lutea",8.12513260130034,6.18982038234005,10.0204486652926,9,6.5,12,"train"
"GCA_000265075","Nitritalea halalkaliphila",8.41052532841726,6.30862867172105,10.1070295027391,10,7.5,12,"train"
"GCA_003347495","Pleomorphovibrio marinus",8.25786783768507,6.26727892788172,10.2514587987661,7.3,5,9,"train"
"GCA_003171675","Reichenbachiella versicolor",7.30325466274132,5.68893432912262,9.27680778227735,7.25,6,8.5,"train"
"GCA_014641455","Hymenobacter cavernae",6.77783596347483,5.28052555534962,8.80324631785206,6,5,9,"train"
"GCA_003149515","Hymenobacter nivis",6.39016410040226,4.63126121906992,8.4978263359092,7.05,5.3,7.8,"train"
"GCA_008271285","Hymenobacter sp012273015",6.82723679403816,5.32734743624279,8.78439746845347,7.5,6,10,"train"
"GCA_900116885","Pontibacter akesuensis",7.50451744883325,5.91875964790287,9.3448073009932,7.8,7,11,"train"
"GCA_003284895","Pontibacter arcticus",7.40491009077428,5.78656658221367,9.21518610038821,7.25,6.5,8.5,"train"
"GCA_000373265","Pontibacter roseus",7.63086306443844,5.98878639289857,9.46914582658169,9,6,10,"train"
"GCA_014138425","Rufibacter ruber",7.47237715181139,5.87461113074921,9.36294979311952,9,7,11,"train"
"GCA_004348825","Arundinibacter roseus",7.4227231317706,5.72127045200441,9.31640355674247,8.5,7,11,"train"
"GCA_900101885","Dyadobacter soli",6.96425092692107,5.17313350249304,9.06053074983766,6.75,5,8,"train"
"GCA_000263195","Emticicia oligotrophica",6.9883998900811,5.38011803335317,8.85406110384958,9.5,5,11,"test"
"GCA_014202275","Rhabdobacter roseus",7.45686286793415,5.83022634313401,9.48468962253024,7.25,5,10,"train"
"GCA_002943425","Siphonobacter curvatus",7.45271208040554,5.62529428165865,9.52021367825891,7.5,6,10,"train"
"GCA_003402975","Brumimicrobium aurantiacum",7.14164004952063,5.92159984221716,8.65798345257123,7.25,5.5,9,"train"
"GCA_002844555","Brumimicrobium salinarum",7.59001849440645,6.19639578304971,9.06451240271883,7.75,6.5,9.5,"train"
"GCA_900116425","Lishizhenia tianjinensis",6.88272466393581,5.70205090915282,8.82166949999372,7.6,7.2,9.6,"train"
"GCA_001573155","Aequorivita aquimaris",7.44357352472139,5.8459798568858,9.69871473473405,7.5,5,9,"test"
"GCA_900112395","Algibacter lectus",7.61183288003809,6.01821231340592,9.66682450078925,7.9,5.5,10,"test"
"GCA_000255455","Aquimarina agarilytica",7.57653629949634,5.86391502672948,9.113663929683,7.5,6,9,"test"
"GCA_002909235","Arenibacter catalasegens",8.12223734555268,6.21599716080218,10.2847654615066,7.75,6,8.5,"test"
"GCA_013402795","Costertonia aggregata",8.26285672429289,6.33715469016818,10.3299989817519,7.75,6.5,9,"test"
"GCA_000382125","Eudoraea adriatica",8.09201784065973,6.28762364735828,10.0645143413292,7.75,6.5,8.5,"test"
"GCA_001831475","Flavobacterium crassostreae",6.66716613937696,4.93873661232678,8.17410740518608,6.75,5.5,8,"test"
"GCA_001761465","Flavobacterium gilvum",6.70048372339564,5.23639822456519,8.43966986515773,7,5.5,8,"test"
"GCA_002217285","Flavobacterium hercynium",7.03575393965598,5.54685441335296,8.81572615272661,7.1,6,8,"test"
"GCA_020026925","Flavobacterium hibisci",6.82272258864667,5.36838471779682,8.77292251037403,7.75,6.5,9,"test"
"GCA_010645075","Flavobacterium limi",6.72817305912218,5.37339451539574,8.69075853809029,7.5,6,9.5,"test"
"GCA_014638005","Flavobacterium orientale",7.38160717403434,6.01190142636713,9.02533137013601,7.75,6.5,9.5,"test"
"GCA_002217435","Flavobacterium reichenbachii",6.8939831574547,5.51322516563414,8.65552617435234,6.2,5.8,8,"test"
"GCA_900182645","Flavobacterium resistens",6.7667880240539,5.37162329926941,8.63692223997541,7.5,6,9.5,"test"
"GCA_004329815","Flavobacterium silvisoli",6.48608885368132,5.25083667761009,8.09169039041413,7.5,6,9,"test"
"GCA_003946915","Flavobacterium ustbae",6.81229785536766,5.43534219666496,8.57702883351528,7.5,5.5,9.5,"test"
"GCA_001439665","Formosa algae",7.07135893283796,5.56004624923494,8.93560810759011,8.25,5,10,"test"
"GCA_006159205","Gillisia flava",8.04974333272267,6.44585682435019,10.0054822086113,7.75,7,9,"test"
"GCA_000260115","Joostella marina",7.52858807816145,5.93129736225841,9.62918564215512,6.45,5.3,10.5,"test"
"GCA_000154725","Kordia algicida",8.23511468157067,6.78841752309143,10.1563936694955,7.5,6,10,"test"
"GCA_002744755","Leeuwenhoekiella nanhaiensis",7.73160842446914,6.04089051612185,9.84043987860043,7,6,8,"test"
"GCA_001543325","Lutibacter profundi",7.1887009706828,5.67486998756292,9.0760590757001,6.25,5.5,7.5,"test"
"GCA_003075045","Maribacter litoralis",7.91746611238428,6.34700084952109,9.70692763818641,7.5,5,11,"test"
"GCA_000224085","Muricauda ruestringensis",7.45955837184101,6.0265116743884,9.2424928982129,7,6,8,"test"
"GCA_010671595","Muriicola jejuensis",7.51026335003289,5.95831162363059,9.34471596571533,7.75,6.5,9,"test"
"GCA_003337215","Oceanihabitans sediminis",7.46185368988537,5.95648718325103,9.01550025780108,7.5,6,9,"test"
"GCA_014640155","Planktosalinus lacus",7.96111945359921,6.44177115001852,9.59934188864931,7.75,6.5,10,"test"
"GCA_003129485","Polaribacter aquimarinus",7.72498349287769,6.04784915616661,9.54766770071357,7.5,6,9,"test"
"GCA_002201235","Polaribacter tangerinus",7.82210220764269,5.99820358154122,9.69332218406747,7.25,6.5,8.5,"test"
"GCA_011089875","Psychroflexus maritimus",8.20469557084932,6.42819967084813,9.76780081562778,7.75,7,9.5,"test"
"GCA_014640195","Psychroflexus planctonicus",7.94295791076508,6.21168024835936,9.69439068994824,7.25,6.5,10,"test"
"GCA_014640175","Psychroflexus salis",8.16343896621682,6.46882045509164,9.55298924151375,7.25,6.5,10,"test"
"GCA_015319355","Psychroserpens luteus",7.49092520187291,6.0455165586158,9.13344954026261,6.75,5.5,9,"test"
"GCA_000826645","Psychroserpens mesophilus",7.78901673916064,6.03970850603806,9.74111389758801,7.25,6,9,"test"
"GCA_900115205","Robiginitalea myxolifaciens",7.95914632108821,6.46941750425481,9.82586734285026,8.05,6.5,9.5,"test"
"GCA_900113135","Salegentibacter agarivorans",7.8486962565815,6.186571600887,9.86929913238678,7.9,5.7,10,"test"
"GCA_900115145","Salegentibacter flavus",8.07814149411934,6.56655023954204,9.80979724804944,8.25,5,10,"test"
"GCA_900102915","Salinimicrobium catena",7.83804258581019,6.41091815122538,9.59552863287018,7.85,6.5,9,"test"
"GCA_007997385","Seonamhaeicola algicola",7.60932417377717,5.89774044734699,9.63184614791944,7.25,6,8,"test"
"GCA_900102055","Ulvibacter litoralis",7.80912575803731,6.2185728974083,9.80880420161624,7.7,5.5,10,"test"
"GCA_014635865","Winogradskyella haliclonae",8.13421617073866,6.15162222830339,10.2434158294349,7.5,5.5,9,"test"
"GCA_004362865","Zeaxanthinibacter enoshimensis",7.99020449322141,6.23087343407102,10.2094845869222,7.5,5.5,11,"test"
"GCA_022760175","Zhouia spongiae",7.46271396022239,6.02876382930168,9.36204865368135,7.5,6,10,"test"
"GCA_002094855","Zunongwangia atlantica",7.73221189134365,6.1952189941433,9.59555641659268,7.5,5,9,"test"
"GCA_900112105","Zunongwangia mangrovi",7.76620595966083,6.20025701821368,9.62088401136523,7.5,6,9,"test"
"GCA_008806325","Salibacter halophilus",7.11504820602723,5.88549864415783,8.82343446500479,7.5,6.5,8.5,"train"
"GCA_000236705","Owenweeksia hongkongensis",7.11711229099464,5.64221349059678,9.10633414330532,7,5.2,9,"train"
"GCA_007993035","Vicingus serpentipes",6.86197903695022,5.59629996146464,8.24410428627139,7.75,6.5,9,"train"
"GCA_000430825","Chryseobacterium daeguense",6.51167818905017,5.36601149756902,8.39675433919185,7,5,9.5,"train"
"GCA_003384725","Chryseobacterium pennipullorum",6.75156670921831,5.28120959371695,8.65630602431851,6.5,5.5,8,"train"
"GCA_900100115","Chryseobacterium soldanellicola",6.55055467774253,5.25430748329693,8.48996260276325,5,5,7,"train"
"GCA_900099685","Chryseobacterium taeanense",6.40803294153178,5.15593572730844,8.33771800439446,5,5,9,"train"
"GCA_000426465","Epilithonimonas caeni",6.79612780304548,5.54001222595764,8.67940033401974,7.25,6,10,"train"
"GCA_900102265","Epilithonimonas hungarica",7.06579533802475,5.65655350694231,9.04521605180764,7,6,10,"train"
"GCA_000812875","Kaistella solincola",6.78261685294906,5.38569819076392,8.59939515123554,7.65,5,11,"train"
"GCA_003449035","Albibacterium indicum",7.42931555784058,5.70779880764456,9.19856982286364,6.5,5,9,"train"
"GCA_004346135","Anseongella ginsenosidimutans",7.62004795541812,5.87795154594017,9.68715569612863,6.5,5,10,"train"
"GCA_000422945","Daejeonella oryzae",7.10536027664344,5.30780899596283,9.10587170174634,7,6,8,"train"
"GCA_004054195","Mucilaginibacter gilvus",6.0946339551451,4.6139192940173,7.92927902524681,6.75,5.5,8,"train"
"GCA_900110105","Mucilaginibacter gossypiicola",6.24858142136727,4.6147025480213,8.11100968069777,6.5,2,8,"train"
"GCA_003633615","Mucilaginibacter gracilis",6.22404914092569,4.77027745280337,8.01561722929287,6.2,4.2,8.2,"train"
"GCA_003675385","Mucilaginibacter kameinonensis",6.3593551598353,4.67454079767346,8.29324110077578,6.5,4,9,"train"
"GCA_014642075","Parapedobacter defluvii",7.15942030308957,5.48023853422655,9.19442714557059,6.75,5.5,11,"train"
"GCA_003339865","Pedobacter chinensis",6.77095075406969,5.1852325396709,8.72992447630906,7.25,6,9,"train"
"GCA_004362245","Pedobacter duraquae",6.6173384383242,5.06060474668188,8.40092410217455,6.925,5.7,8.15,"train"
"GCA_005925325","Pedobacter helvus",6.85634157659737,5.40999880100216,8.73068199569376,7.75,6,9,"train"
"GCA_004310665","Pedobacter kyonggii",6.59577288300018,4.97153262331051,8.74849147280946,7.5,5,10,"train"
"GCA_004362715","Pedobacter metabolipauper",6.93840570617365,5.33296792621647,8.79054794464814,6.95,5.9,8,"train"
"GCA_004340665","Pedobacter psychrotolerans",6.79964310744756,5.10178800978155,8.90967937134388,9,5,10,"train"
"GCA_900103665","Pedobacter steynii",6.88985221365645,5.28398589906915,8.82590682377218,7.08,5.7,8.45,"train"
"GCA_900182595","Pedobacter westerhofensis",6.48223980717916,4.86943608128378,8.35432275518895,6.55,5.3,7.8,"train"
"GCA_014653155","Sphingobacterium griseoflavum",6.88980432999036,5.25481826030595,8.81463709903615,7.2,6,9,"train"
"GCA_009768885","Sphingobacterium humi",7.19321414521889,5.40254960264625,9.15968744048106,7.5,5.5,9,"train"
"GCA_001586775","Sphingobacterium sp001586775",7.53562546587794,5.4134599736988,9.75033053749985,7,5,10,"train"
"GCA_900116225","Sphingobacterium wenxiniae",7.28740010841497,5.65801746728474,9.11424079384565,7.5,5,10,"train"
"GCA_008124865","Fodinibius salinus",7.0769323611327,5.55105257446718,8.88327568533087,7.75,6,9,"test"
"GCA_002287075","Fodinibius sp002287075",7.64473954887741,6.02844584870858,9.61350008774909,7.25,6.5,11,"test"
"GCA_001715195","Rhodohalobacter halophilus",8.12838335467139,6.57107887467901,10.2501577402057,8,7,9,"test"
"GCA_002554795","Longibacter salinarum",7.50485839163192,5.94729673530561,9.36622949866389,7.75,6.5,8.5,"train"
"GCA_002104335","Campylobacter_D cuniculorum",6.38270863335356,4.9667396348413,7.52766287783552,4,4,4,"test"
"GCA_014905135","Sulfurimonas paralvinellae",6.33645721079953,5.3182805947834,7.6193436060592,6.1,5.4,8.6,"train"
"GCA_005843985","Caminibacter mediatlanticus",6.31975893097829,5.11190822490612,7.30558939920076,5.5,4.5,7.5,"train"
"GCA_002119425","Desulfurella amilsii",5.33949116551457,3.7607204937743,6.74456896656951,6.25,3,7,"train"
"GCA_000420385","Hippea alviniae",5.15281295698564,3.93112151519609,6.06469838846073,4.75,3.5,5.5,"train"
"GCA_003569045","Aggregatilinea lenta",7.54211800206875,5.81612825477225,9.58387974152501,6.75,5.5,8.5,"train"
"GCA_001306115","Ornatilinea apprima",7.97615677535848,6.38608975942134,9.87231037940917,7.75,6.5,9,"train"
"GCA_000017805","Roseiflexus castenholzii",7.99280304257632,5.88293138075882,10.1525632553824,7.75,7,9,"train"
"GCA_001953175","Dehalogenimonas formicexedens",6.51965484260273,5.10513018663171,7.96531716362081,7.1,5.5,7.5,"train"
"GCA_000143165","Dehalogenimonas lykanthroporepellens",6.75334007415054,5.72440658629178,8.26147774924898,7.25,6,8,"train"
"GCA_003967555","Dictyobacter kobayashii",6.53910973253899,4.33783513033444,8.69075024249546,6.5,4,8,"train"
"GCA_003967535","Tengunoibacter tsumagoiensis",6.71484858740257,4.626815424392,8.78775174567323,6.5,4,8,"train"
"GCA_008974285","Thermogemmatispora aurantia",6.3108547277996,4.80787096528957,8.30203616892468,6.5,3.5,9,"train"
"GCA_000183405","Calditerrivibrio nitroreducens",6.03068089621725,4.66272398579991,7.01291290139477,7.25,5.5,8,"train"
"GCA_000378445","Deinococcus aquatilis",7.73757641768345,5.64747626080719,10.1396214626795,8.5,5.5,11,"train"
"GCA_003028415","Deinococcus arcticus",7.9583086116198,5.77993879197872,10.4091556766922,7.75,6.5,9.5,"train"
"GCA_004634215","Deinococcus fonticola",7.29030701938714,5.37919051564911,9.46013236304857,7,5,10,"train"
"GCA_003173015","Deinococcus irradiatisoli",6.98453398917934,4.7530583361654,9.35517186304831,7,6,8,"train"
"GCA_011067105","Deinococcus wulumuqiensis",7.76555593718364,5.70977126625833,10.1271779035598,7.5,5,12,"train"
"GCA_000317835","Deinococcus_A peraridilitoris",7.78126427377191,5.5711730569874,10.191499722215,7.25,5,9,"train"
"GCA_007990975","Meiothermus hypogaeus",8.37449601992762,6.3691822990397,11.3253162073397,7.6,5.9,8.7,"train"
"GCA_003574085","Meiothermus luteus",8.09156908928755,6.27337871159994,10.8502304672196,7.5,6,9,"train"
"GCA_003574045","Meiothermus taiwanensis",8.42717049504929,6.37201138024079,11.2402747412335,8.25,5.5,10,"train"
"GCA_000421625","Thermus islandicus",7.18098050566651,5.93506085581969,9.31168165634947,6.5,5.5,10.5,"train"
"GCA_900142135","Desulfatibacillum alkenivorans",6.55686092017007,5.17762166241621,8.38440409098266,6.8,6.2,8,"train"
"GCA_001293685","Desulfatitalea tepidiphila",7.35056339075784,5.62618430791351,8.87666467076544,7.05,6.2,7.9,"test"
"GCA_009688965","Desulfosarcina widdelii",7.0747512808774,5.58206551109875,8.43923092348065,7.55,6.5,8.5,"test"
"GCA_016918545","Desulfobulbus alkaliphilus",7.97812420584504,6.31590596883621,9.18992351029389,9.4,8.2,10.2,"train"
"GCA_900143695","Desulfopila aestuarii",7.28810076905627,5.6661482353246,8.74704683109641,7.55,6.3,8.5,"test"
"GCA_000024325","Desulfohalobium retbaense",7.5161014965847,5.8837541131616,9.23701562773964,6.75,5.5,8,"test"
"GCA_001311565","Desulfothermus okinawensis",6.50216761761586,4.82995164253871,8.15530622942066,6.15,5.4,7.9,"test"
"GCA_000686525","Desulfonatronovibrio hydrogenovorans",8.16661483588314,6.28089372241904,9.52543851274634,9.6,9.5,10.2,"test"
"GCA_000519125","Desulfocurvus vexinensis",7.03059598362245,5.56899704924594,8.4454880434756,6.9,5,9,"train"
"GCA_000422245","Desulfohalovibrio alkalitolerans",7.39326757242457,5.94670230682718,8.60066719394614,9.2,6.9,9.9,"train"
"GCA_001672295","Halodesulfovibrio spirochaetisodalis",7.43934526614066,5.44198155303053,9.10935319144101,7.75,6.5,9,"train"
"GCA_000429985","Maridesulfovibrio bastinii",6.607040613414,5.03368827623948,8.10340202812869,6,4.2,7.4,"train"
"GCA_900167125","Paucidesulfovibrio gracilis",7.16416197122384,5.78819870128356,8.41426373968546,7,5.4,8.4,"train"
"GCA_004365595","Pseudodesulfovibrio indicus",7.0000338336349,5.54485045964577,8.44663636172049,6.75,5,8,"train"
"GCA_001687335","Dissulfuribacter thermophilus",6.37994961332812,5.13023833608219,7.60909867065389,6.8,5.6,7.9,"train"
"GCA_012979235","Dissulfurirhabdus thermomarina",6.91822708517054,5.59394220341057,8.30107331097556,6.25,5,7,"train"
"GCA_022026155","Dissulfurimicrobium hydrothermale",6.20059011335192,4.76202042531589,7.24131704664038,6.1,5.2,7.5,"test"
"GCA_001642325","Thermodesulfatator autotrophicus",6.63352872221285,5.5524741629943,7.90193263841245,6.75,5.5,8,"test"
"GCA_001548275","Caldimicrobium thiodismutans",6.83557751762821,5.95454636697849,8.01210604682959,8.15,5.9,9.5,"train"
"GCA_014198875","Longimicrobium terrae",6.99593311582166,5.81079772350567,9.28164061409253,7.25,6,9,"train"
"GCA_001312085","Thermodesulfovibrio aggregans",7.06558698139316,5.62268877986465,8.22343188392288,6.75,6,8.5,"train"
"GCA_000423865","Thermodesulfovibrio thiophilus",7.01706346432406,5.548979700434,8.29307013408772,7.25,6,8.5,"train"
"GCA_002197845","Fimbriiglobus ruber",6.9852508042708,5.1392639617343,8.67515008464456,5.75,4,6.8,"train"
"GCA_901538355","Tuwongella immobilis",8.18613037884978,6.43458978767679,10.0610462591769,7.75,6,10.5,"train"
"GCA_000255705","Zavarzinella formosa",7.25619036006647,5.65622040842832,8.8795670007568,5.75,3.8,7.2,"train"
"GCA_001956985","Paludisphaera borealis",6.96274904292963,5.11772078804097,8.80988153216251,5.25,3.5,6.5,"test"
"GCA_007860175","Rubripirellula reticaptiva",7.49523751248694,5.60129458791834,9.22237921768471,7.75,6.5,9,"train"
"GCA_007859715","Rubinisphaera italica",7.95922408868749,6.05995443556538,9.73549906412517,9,6,10,"train"
"GCA_000255655","Schlesneria paludicola",7.16290466355203,5.15859297836716,8.95819940580044,5.6,4.2,7.5,"train"
"GCA_003352165","Acidibrevibacterium fodinaquatile",5.90356248400792,4.38472439772408,7.79830667743986,4,2.5,5,"train"
"GCA_900101615","Belnapia rosea",7.5561266891303,5.81994050397314,9.81030699599719,7.25,5,8,"train"
"GCA_014644455","Caldovatus sediminis",7.6761771319295,5.93935379438257,9.82100791083763,6.75,6,9,"train"
"GCA_000711725","Roseomonas aerilata",7.42324788631405,5.60119158476372,9.48843353558549,6.5,5,9,"train"
"GCA_018128965","Roseomonas_C arctica",7.78575805502932,5.86183301691033,9.9728279202097,6.5,4,8,"train"
"GCA_001982615","Roseomonas_D deserti",7.58037190466536,5.83454312778334,9.64760381278244,7.25,6.5,9,"train"
"GCA_002573965","Azospirillum melinis",6.83390249677179,5.23731224260794,8.62655347191728,5.5,4.5,8.5,"train"
"GCA_016135805","Caulobacter hibisci",6.58241075630975,5.00998030064871,8.96147178241535,7.75,6.5,9,"train"
"GCA_000378345","Hirschia maritima",7.56846823305695,5.87355237955439,9.47656299637534,8.6,6.1,10.1,"train"
"GCA_003129605","Hyphobacterium indicum",7.71470806745214,6.16858408202754,9.89606838708243,6.5,5,8,"train"
"GCA_003122085","Maricicauda_A salina",7.67029737424241,6.23592343647546,9.7258995322269,7.25,6,9.5,"train"
"GCA_002943565","Marinicaulis flavus",7.18512594299426,5.44469208553751,9.36652451224784,7,5,9,"train"
"GCA_900168195","Bosea thiooxidans",7.39823373257491,5.34708629597941,9.56758272728793,7.75,6,9,"test"
"GCA_001517345","Chelatococcus_A sambhunathii",7.3041950734008,5.53646999575876,9.3000790689122,7.75,6,8.5,"test"
"GCA_022179125","Methylobacterium cerastii",7.14461114475593,5.19110958959867,9.17997307894334,5.5,4,6,"test"
"GCA_001936175","Methylobacterium fujisawaense",6.94194648171247,5.18745789894044,8.98931671666373,6.8,5,9,"test"
"GCA_900113485","Methylobacterium gossipiicola",6.98794839374538,5.3389737970678,8.91449151811479,6.8,5,9,"test"
"GCA_022179405","Methylobacterium marchantiae",7.0799390379514,5.31087537512417,8.94442505423993,7.2,6,9,"test"
"GCA_000427445","Methylocella acidiphila",6.22446824664225,4.40024195601004,8.1590432213568,5.25,4.2,7.2,"test"
"GCA_000746085","Methylocella aurea",6.80885419601657,4.85090253870228,8.73803349112233,6.1,5.2,7.2,"test"
"GCA_016734765","Microvirga soli",7.24554291064159,5.3236492624247,9.2932652883745,7.75,6,10.5,"test"
"GCA_001650025","Devosia elaeis",7.50575987125986,5.40792172364773,9.55173144271464,9,6,11,"train"
"GCA_014197055","Devosia subaequoris",7.8202805014267,5.75059554716024,9.88214808700034,8.6,5.1,12.1,"train"
"GCA_004363175","Maritalea mobilis",8.01667725281583,5.89671572758319,9.82508110012221,8.2,7,10,"train"
"GCA_003008515","Phreatobacter cathodiphilus",7.8236034558718,5.89971917557084,9.89955985131422,7.5,6,10,"train"
"GCA_003583935","Aureimonas flava",7.33701743026078,5.3342695986255,9.31591181630797,7.5,5,11,"train"
"GCA_001463945","Aureimonas ureilytica",7.13477956624181,5.28943502438575,9.04635546533258,7.5,4,9,"train"
"GCA_001463845","Fulvimarina pelagi",7.62077701764839,5.88368194807958,9.53138777010442,7.5,5.5,10,"train"
"GCA_014197145","Gellertiella hungarica",7.20832361997631,5.26839281512333,9.19495680438366,8,5,10,"train"
"GCA_003289965","Mesorhizobium atlanticum",6.91127764534024,4.63333941757111,9.22871589750651,6.8,4,8,"train"
"GCA_004358025","Neorhizobium deserti",7.40878727799161,5.15979475686068,9.51661478626858,7.5,6,9,"train"
"GCA_004053875","Neorhizobium lilium",7.3428207300267,5.07912299278606,9.45934654222671,7.5,6,9,"train"
"GCA_019891395","Nitratireductor kimnyeongensis",7.76653247967318,5.84036417322991,9.78181307277137,9.1,6.1,12.1,"train"
"GCA_002252505","Ochrobactrum_A grignonensis",7.29318711049467,5.19413006061079,9.43066868063216,6.5,3,9,"train"
"GCA_900109605","Pararhizobium oryzae",7.2804136912129,5.13604205680143,9.32744092743836,6.5,5,8,"train"
"GCA_001542405","Rhizobium altiplani",7.06881882258821,4.96032602296721,9.16166091279892,6.9,6.8,10,"train"
"GCA_004331955","Roseitalea porphyridii",7.93027807538782,5.89194291764491,9.90518163101655,7.5,6,10.5,"train"
"GCA_000382365","Pannonibacter phragmitetus",7.55869527694414,5.6425983736362,9.62833349301205,9.5,7,11,"train"
"GCA_900100155","Ancylobacter rudongensis",7.29186333102348,5.36954560885038,9.46466078002812,6.9,5.6,9.9,"test"
"GCA_004570865","Bradyrhizobium frederickii",6.96664004279033,4.92421493773243,9.02380045822348,6.8,4,9,"test"
"GCA_001982635","Bradyrhizobium mercantei",6.74606104998858,4.6514768490128,8.90678890625648,6.8,4.5,8,"test"
"GCA_004571025","Bradyrhizobium niftali",6.94502553802287,4.81757102528489,9.04714057527499,6.9,4,9,"test"
"GCA_001641335","Bradyrhizobium stylosanthis",6.85052834980559,4.85569269526432,8.91021773644451,6.8,4.5,8,"test"
"GCA_014643735","Amylibacter cionae",7.53982641639681,5.64277485804663,9.39405229969049,7.5,6,9,"train"
"GCA_002742285","Amylibacter kogurei",7.29301823670745,5.37006467572609,9.03343240609428,8.5,4,12,"train"
"GCA_900113955","Celeribacter neptunius",7.32131671695265,5.61558482622242,9.14976612180966,7.75,4,10,"train"
"GCA_001294535","Cypionkella psychrotolerans",7.25054629048639,5.29767654405918,9.2423504883728,6.75,5.5,9,"train"
"GCA_001681735","Epibacterium mobile",7.87799605017608,5.95132342055327,9.83475736977286,5.5,4,12,"train"
"GCA_003003215","Epibacterium scottomollicae",8.00419483899173,6.08430646899422,9.98088472253018,7.5,5,9,"train"
"GCA_003570715","Gemmobacter lutimaris",7.39247045922074,5.63901394872709,9.37169222447112,10.5,5,12,"train"
"GCA_003253995","Palleronia aestuarii",7.84201429589713,5.95501330707062,9.91922617852796,7,6,8,"train"
"GCA_014642735","Paracoccus acridae",7.18712031353537,5.35716100797814,9.17906468540632,6.75,5,10,"train"
"GCA_003594815","Paracoccus aestuarii",7.93449900055361,5.96714175345456,9.98481456868044,9,7.5,9.5,"train"
"GCA_900102885","Paracoccus chinensis",7.67065195395802,5.80532973305536,9.65552913804548,8.25,6,9.5,"train"
"GCA_900101865","Paracoccus isoporae",7.93103140435711,6.00974682427181,10.0685299835401,9.5,7,10,"train"
"GCA_002287065","Paracoccus salipaludis",7.63751800499901,5.74481526922889,9.66403364871131,7.75,6.5,10,"train"
"GCA_900102505","Paracoccus tibetensis",8.2356935641795,6.22418371014806,10.2954893261392,9.5,8.5,13,"train"
"GCA_003990445","Pararhodobacter zhoushanensis",7.95197517895955,6.01632130024785,10.1121690564499,7,5.5,9,"train"
"GCA_001890925","Planktotalea frisia",7.78721337805915,5.60519006114996,9.77204198208583,8.25,6,9.5,"train"
"GCA_900609055","Pseudogemmobacter humi",7.92263951323035,5.92319390466949,10.0900302247447,6,5.5,7.5,"train"
"GCA_000688295","Pseudooceanicola nanhaiensis",7.67174967221801,5.8525300346612,9.7221129970909,7.75,6,9.5,"train"
"GCA_900112545","Pseudooceanicola nitratireducens",7.72948802000156,5.76923048923588,9.64633025816073,8.15,7,9.5,"train"
"GCA_900217815","Rhodobacter maris",7.32817439004849,5.73557128659451,9.26404034124804,6.75,6,8,"train"
"GCA_003350345","Rhodobaculum breve",8.09796215439541,6.40061802794597,9.84433124273185,8.25,7,10,"train"
"GCA_003316635","Roseovarius dicentrarchi",7.93486176973476,5.74727698032149,10.1232085061755,7.5,6,9,"train"
"GCA_002834145","Roseovarius salinarum",7.80791483137363,6.03227833815582,9.5940153133836,7.5,6.5,9,"train"
"GCA_001507595","Ruegeria marisrubri",7.57262514980771,5.73331178506396,9.49284383688101,7.25,6,8.5,"train"
"GCA_001507545","Ruegeria profundi",8.06796083504819,6.03470847172094,10.0434544972678,7.75,5.5,9,"train"
"GCA_900103185","Sulfitobacter litoralis",7.6986720998468,5.75164998891918,9.63211097678235,7.5,5,9,"train"
"GCA_003284725","Phaeospirillum kuznetsovii",6.67130667767395,5.10133009733916,8.30601869345936,6.3,5.75,8,"train"
"GCA_002844375","Thalassospira marina",6.901900994059,5.03510833277879,8.8261475871791,7.5,5,10,"test"
"GCA_009827405","Alteraurantiacibacter aestuarii",7.68757655400989,5.69469125017449,10.1308691015791,7,5,11,"train"
"GCA_001010925","Alteraurantiacibacter gangjinensis",8.45485657103884,6.58004871030135,10.8306950720673,7.5,6,10,"train"
"GCA_005434915","Alteraurantiacibacter suaedae",7.72654735595667,5.85409924491114,10.2618267963491,6.5,5,9,"train"
"GCA_009827595","Altericroceibacterium endophyticum",7.1678955288079,5.29320846147219,9.55266855129337,7.75,5,11.5,"train"
"GCA_001661965","Croceicoccus mobilis",7.11424822472345,5.39217512770032,9.51565136806433,7.25,5.5,8.5,"train"
"GCA_000429005","Novosphingobium acidiphilum",5.74063020754691,3.94975876317368,7.83480183683084,5.75,4.5,7,"train"
"GCA_014652555","Novosphingobium colocasiae",6.25671184076991,4.60297835307141,8.61542611107633,7.5,3,9,"train"
"GCA_014230355","Novosphingobium piscinae",6.95579175922516,5.03533381460919,9.34001464203422,5.5,4,9,"train"
"GCA_003581645","Pelagerythrobacter aerophilus",7.5676516008188,5.82433200897281,9.89670427136732,6.5,5,9.5,"train"
"GCA_001028625","Pelagerythrobacter marensis",7.83617568441313,6.06721252236597,10.26851830771,7.1,6.1,11.1,"train"
"GCA_009828025","Qipengyuania algicida",6.08163375171539,4.44489272045434,8.15847734969704,9,4,9,"train"
"GCA_900115585","Qipengyuania nanhaisediminis",7.73929866986924,5.99128367746956,9.9925080332518,7.25,4.5,11,"train"
"GCA_008710165","Sphingobium limneticum",6.48133721813462,4.68425893295762,8.85159787766413,6.5,4,9,"train"
"GCA_009789535","Sphingomonas carotinifaciens",7.08736296951658,5.12731929517463,9.6205074347713,6.5,5,9,"train"
"GCA_900110035","Sphingomonas gellani",6.43113181721015,4.73303192121998,8.7391304793041,6.5,5,9,"train"
"GCA_900109565","Sphingomonas palmae",6.60828135834627,4.66092025679484,9.06334124166248,6.5,5,9,"train"
"GCA_003391115","Sphingomonas_I crusticola",6.04509471936734,4.30593412326574,8.17449435093613,6.6,5,8,"train"
"GCA_015475875","Sphingopyxis solisilvae",7.43407121125269,5.3521608421832,9.96764254963745,7.5,6,10,"train"
"GCA_003626915","Tsuneonella amylolytica",7.38893485062454,5.44107856035975,9.96626084336599,7,5,10.5,"train"
"GCA_001441535","Tsuneonella troitsensis",7.52512976311532,5.76520286595623,9.9750240568065,7.4,5.8,10,"train"
"GCA_010378095","Acidithiobacillus ferrianus",4.74878522122638,3.14929067242089,6.60227787936538,2,2,2,"train"
"GCA_003966655","Acidithiobacillus ferridurans",4.53095525186876,3.00004058185543,6.20796278135897,2.1,2.1,2.1,"train"
"GCA_018854775","Acidithiobacillus ferriphilus",4.28453285188739,3.04580393107898,5.80636858325899,2,2,2,"train"
"GCA_003721225","Acidithiobacillus_B sulfuriphilus",5.1261284681597,3.55729472974009,6.99846406664871,3,1.8,7,"train"
"GCA_003315245","Arenicella xantha",7.98646212037605,5.61940030431867,10.1109286841262,9,6,11,"train"
"GCA_009857835","Duganella fentianensis",6.94739105913971,4.88910856300543,8.82936691670024,7.25,4.5,10.5,"train"
"GCA_009720825","Duganella radicis",6.87377098682902,4.82752818971846,9.00616300163411,7.2,4,10,"train"
"GCA_900143065","Duganella sacchari",6.86130408844124,4.81361851223015,8.91271608607986,7.2,6,8,"train"
"GCA_002213415","Herbaspirillum robiniae",6.70313522062574,4.77844873920409,8.91721710514812,7.5,5,9,"train"
"GCA_001929405","Herbaspirillum seropedicae",6.78837424118185,4.9464366058848,8.94297757162489,6.5,4,9,"train"
"GCA_002927045","Mycetohabitans endofungorum",6.33041052561612,4.38828270931831,8.10520784144103,6.25,5,7.4,"train"
"GCA_902459695","Pandoraea terrae",6.36107729568537,4.32358419206749,8.37234181854646,7.25,4,10,"train"
"GCA_000684975","Paraburkholderia acidipaludis",5.47235514144943,3.71266597943375,7.6545951827325,5.5,3,8,"train"
"GCA_002278075","Paraburkholderia aromaticivorans",5.80799962437919,3.89034358015435,8.00036227966155,5.5,3,7,"train"
"GCA_009362785","Paraburkholderia atlantica",5.93191610550431,3.99219541472955,8.05402087486698,6.8,4,8,"train"
"GCA_003837865","Paraburkholderia dinghuensis",5.53408041455651,3.85127753886755,7.59854484701021,6.75,4,8,"train"
"GCA_009362735","Paraburkholderia franconis",5.56752849657453,3.66346207172248,7.6293849106232,6.8,4,8,"train"
"GCA_000739775","Paraburkholderia heleia",5.75111569659357,3.79554345769571,7.9721706454088,5,3.5,9,"train"
"GCA_000685075","Paraburkholderia oxyphila",5.76892884869803,3.77801637675128,8.07771983311739,5.75,3.5,8,"train"
"GCA_004524855","Paraburkholderia oxyphila",5.61647440256414,3.72301903561907,7.90998520048623,4.75,3.5,9,"train"
"GCA_003443895","Paraburkholderia phosphatilytica",5.54355092518332,3.67786641854088,7.61221209358212,5.5,4,7.5,"train"
"GCA_004353915","Paraburkholderia silviterrae",5.63952592551777,3.71334842517972,7.94929932129525,5.25,3.5,8.5,"train"
"GCA_003429005","Paraburkholderia sp003429005",5.67372390502904,3.76288224472395,7.80500886735904,5.25,4,8.5,"train"
"GCA_902833865","Paraburkholderia tropica",5.70617444809392,3.78376371011214,7.97021241338642,5.4,4.5,7,"train"
"GCA_004322755","Pseudoduganella albidiflava",6.99551536691895,5.11437499908929,9.12835512022224,7.25,6.5,8.5,"train"
"GCA_009857595","Pseudoduganella aquatica",6.74101135432961,4.91872369766689,8.72837073733776,7.25,4.5,10.5,"train"
"GCA_004209755","Pseudoduganella lutea",6.87631990938376,5.12039194921802,9.03865003931711,7.25,6.5,8.5,"train"
"GCA_024756255","Telluria agilis",6.49228593445447,4.82893876573764,8.38031753357779,6.5,4,9,"train"
"GCA_024753255","Telluria agri",6.98668724464748,5.21380412278343,8.96219656119072,7.5,5,10,"train"
"GCA_002968015","Telluria phosphatilytica",6.18976659248636,4.41246164983324,8.21403267752236,7.25,5,8,"train"
"GCA_024753285","Telluria pinisoli",6.16242418708258,4.42217354712175,8.04560982055955,6.5,5,9,"train"
"GCA_024753215","Telluria solisilvae",6.39216667694607,4.77818877719996,8.24586155186451,7,4,10,"train"
"GCA_009909205","Aquabacterium fontiphilum",7.04162687760165,5.05468594605393,9.31255343084628,7.5,5,9,"test"
"GCA_000374625","Brachymonas chironomi",7.84033262742331,5.64344296673709,10.0406352426833,7,5,9,"test"
"GCA_900107225","Comamonas tsuruhatensis",7.1174096388632,5.0753083371331,9.29381803469511,6.5,5,10,"test"
"GCA_002205125","Mitsuaria noduli",6.85409354428552,5.1188394107174,8.85003984212904,7.5,5,9,"test"
"GCA_003008535","Ottowia oryzae",7.2452669364037,5.1572677455664,9.49660167256799,7.5,5,10,"test"
"GCA_000422885","Ottowia thiooxydans",7.14058955094077,5.22081126071136,9.28469657905787,7.3,5.6,9.8,"test"
"GCA_001017435","Polyangium_A brevitalea",7.39074044789732,5.41628551173854,9.4417154292488,7,5,10,"test"
"GCA_016722785","Ramlibacter monticola",7.02269433245297,5.1107084620226,9.04900995433804,7.25,5.5,10,"test"
"GCA_004363315","Tepidicella xavieri",7.46509013810678,5.53898044640552,9.42875665884628,8.75,6.5,10.5,"test"
"GCA_001517285","Thiomonas bhubaneswarensis",4.80814097944096,3.43593963724947,6.43860015527297,7.72,6,8.5,"test"
"GCA_009906855","Xylophilus rhododendri",6.70244665960043,4.90045619552385,8.69608017169907,7.5,5,9,"test"
"GCA_900606115","Pigmentiphaga humi",6.4992256620446,4.71327400285791,8.38909342336772,6,5.5,7.5,"test"
"GCA_013416335","Pusillimonas_B soli",6.78108192254518,4.71232096133067,8.68249872744811,6.75,5,9,"test"
"GCA_013416515","Pusillimonas_C harenae",7.33079066396427,5.28097957491663,9.31671331111986,6.75,5,9,"test"
"GCA_000430805","Chitinilyticum aquatile",6.62388841554149,5.07169727452418,8.68497346067566,9,7,11,"train"
"GCA_014645555","Silvimonas amylolytica",5.85002676622287,4.22748214127853,7.96616558846941,4,4,9,"train"
"GCA_014645535","Silvimonas iriomotensis",5.86412428670999,4.20205749585801,8.07383170945607,4,4,9,"train"
"GCA_018324385","Gallionella kumadai",6.42687018412637,4.80909921655102,8.00829122605049,6.05,5.2,6.8,"test"
"GCA_900100975","Methylophilus rhizosphaerae",6.73665016540656,4.73687982761667,8.59440446147976,6.8,4,10,"train"
"GCA_000093025","Methylotenera versatilis",6.27739687969077,4.69115978376921,7.8124203811283,6.15,4.2,8,"train"
"GCA_002108505","Neisseria dumasiana",7.00850851926543,5.04275922096835,9.13031678005408,7.2,6,9.5,"train"
"GCA_902813185","Denitratisoma oestradiolicum",6.35063898192537,4.90897440075075,8.09205496824042,7.1,6.4,8.5,"train"
"GCA_006503695","Tepidiphilus succinatimandens",7.09290320391562,5.65560953998435,9.10192367591722,6.9,5.5,8,"train"
"GCA_003345255","Thauera_A hydrothermalis",7.02517202126543,5.47924686635773,8.78883138171445,7.25,5.5,11,"train"
"GCA_003967275","Sulfuritortus calidifontis",6.23300932506974,5.05166753606746,7.87622764923039,7.05,6.2,8.7,"test"
"GCA_003121895","Ignatzschineria cameli",7.67054142918757,5.95971758772522,9.19374013662067,7.75,7,9,"test"
"GCA_001753165","Acidihalobacter aeolianus",3.69405632589668,2.95805714732041,4.84056232059086,1.8,1.5,3,"test"
"GCA_001975725","Acidihalobacter_A ferrooxydans",4.38740108094011,3.16040985727974,5.87468382724031,1.8,1,3,"test"
"GCA_003115855","Brenneria nigrifluens",7.75289077380716,5.38587573320036,10.1292926660305,7,4,11,"train"
"GCA_001976145","Chania oryzae",7.0141650942255,5.06086719277122,9.23618017468038,7.5,4,11,"train"
"GCA_003594915","Enterobacter chuandaensis",7.00495757099748,5.04236037778015,9.44383411164242,6.5,5,10,"train"
"GCA_014644275","Franconibacter pulveris",7.07018817524865,5.16040121389698,9.51768380144231,7.5,4,11,"train"
"GCA_004331415","Kosakonia quasisacchari",7.08306477144247,4.95901757511423,9.52362718952505,6.5,5,10,"train"
"GCA_016415625","Shimwellia pseudoproteus",6.63038370986883,4.5012463171137,8.92671682457601,6.25,4.5,8,"train"
"GCA_000820165","Aeromonas taiwanensis",7.17695960468844,5.31594147947913,9.28843895904193,9,8.5,9.5,"train"
"GCA_003049725","Oceanimonas marisflavi",8.04697243143321,5.82532501902068,10.144177719487,9,4,11,"train"
"GCA_003987335","Aliidiomarina maris",8.61962289241457,6.37445148536582,10.6858759770232,8.75,6,11.5,"train"
"GCA_003986975","Aliidiomarina soli",8.24747408994837,6.28370211216487,10.3202010710682,9,6,12,"train"
"GCA_010500895","Alteromonas genovensis",7.98571857322381,5.90565142753573,9.95727278455865,7.5,6,8.5,"train"
"GCA_003056425","Alteromonas indica",8.01615185519653,5.74864091137451,10.1376566338173,7.5,5,10,"train"
"GCA_001562195","Alteromonas stellipolaris",8.01691458388655,5.91384508250664,10.1505927829663,7.75,6,10,"train"
"GCA_000690055","Pseudoalteromonas fuliginea",7.95261618355158,5.80288227257264,10.0473098258944,8,6,9,"train"
"GCA_001641615","Pseudoalteromonas gelatinilytica",7.92146269999102,5.76505174215127,9.87372015034029,8,5.5,9.5,"train"
"GCA_014642695","Pseudoalteromonas gelatinilytica",8.07332579385118,5.90516764107403,10.0653631597246,7.25,6,9,"train"
"GCA_001653135","Pseudoalteromonas neustonica",7.81247057178671,5.71344779869417,9.69338186471465,8,6,9,"train"
"GCA_011634895","Rheinheimera pleomorphica",8.12993998271262,5.81347321272943,10.3047444225261,7.5,6,12,"train"
"GCA_005116735","Thalassotalea_A mangrovi",8.08629482510981,5.89525339019895,9.85584848180054,7,3,10,"train"
"GCA_009828705","Mannheimia pernigra",7.9820918071854,5.80495861263442,9.85783192936022,9,3,11,"test"
"GCA_002282895","Paraferrimonas haliotis",8.01663101279696,5.90405781216684,9.96734343912406,7.5,6,10,"train"
"GCA_004358445","Parashewanella tropica",7.86716632416374,5.57736440813718,9.66834173725917,7.25,4,10,"train"
"GCA_001939735","Photobacterium proteolyticum",7.87549833121649,5.95485952923546,9.97008028005099,6.75,6,9.5,"train"
"GCA_001996165","Salinivibrio proteolyticus",7.55850246790949,5.25196183772993,9.71349136434803,8.25,5,9.5,"train"
"GCA_003144035","Vibrio albus",7.65921130538492,5.88352772715001,9.58912506511113,7.25,6,8.5,"train"
"GCA_009811315","Vibrio atypicus",8.13707995111547,6.05852465042137,10.1821560407037,8.5,7,10,"train"
"GCA_000426765","Vibrio litoralis",7.81803928066146,5.5572814021249,9.8700408275809,6.9,4.1,8.8,"train"
"GCA_003716875","Vibrio zhugei",7.07426960709522,4.70874834837326,9.10926646260478,6.5,4,10,"train"
"GCA_000733935","Methylomarinum vadi",7.02794853389426,5.2638109268957,8.44201796160766,6.4,4.5,7,"train"
"GCA_008632455","Methylomonas rhizoryzae",6.32538967300133,4.60515189163095,8.33261128458889,7,5.5,8.5,"train"
"GCA_000968535","Methylotuvimicrobium alcaliphilum",7.29794967239534,5.51805185203514,8.80623330634456,9,7.2,9.5,"train"
"GCA_003788585","Salinisphaera japonica",6.46975468009552,4.49641755111089,8.77386858018214,5.25,3.8,9.5,"train"
"GCA_000014785","Alkalilimnicola ehrlichii",8.6276236542497,6.83047731984878,10.4103591668047,9.3,7.3,10,"train"
"GCA_000349205","Methylophaga lonarensis",8.62911688541069,6.46486156578572,10.5085929018886,9.5,7,10,"train"
"GCA_002864685","Alcanivorax mobilis",7.1301099057285,5.14758466611906,9.33261630262908,7.5,6,10,"train"
"GCA_003259155","Marinimicrobium_A alkaliphilum",8.16990551435337,6.25352218350063,10.3143486153971,9,5.5,11,"train"
"GCA_900107725","Microbulbifer marinus",7.42843941803235,5.65750346216039,9.5101355983107,7.5,4.5,10,"train"
"GCA_009910365","Aequoribacter fuscus",7.56440223300509,5.49883389125648,9.65276142326953,7,6,8.5,"test"
"GCA_002866825","Halioglobus lutimaris",7.61454170570853,5.67586825861269,9.6340427553512,7.75,6,8.5,"test"
"GCA_008064635","Parahaliea aestuarii",7.35566946943674,5.47041196467991,9.50427694013844,7.75,5.5,10,"test"
"GCA_001886615","Halomonas aestuarii",7.95634569798396,6.12245071813802,9.6885963743106,6.25,5,9.5,"train"
"GCA_003056305","Halomonas denitrificans",8.32497977754004,6.39024249447177,10.0507943915021,8.5,7,10,"train"
"GCA_900108215","Halomonas desiderata",8.56038228094651,6.74051503272851,10.5038522940357,9,8,10,"train"
"GCA_004347715","Halomonas icarae",8.38075357099905,6.52798305059509,10.1624736564799,7.5,5.5,9,"train"
"GCA_900116705","Halomonas korlensis",8.33379082067372,6.43703758962847,10.270807683162,8.75,6,10,"train"
"GCA_002155145","Kushneria konosiri",7.52877337711435,5.29798317090878,9.88857389507229,6,4.5,8.5,"train"
"GCA_900112235","Marinospirillum celere",8.57217659429121,6.98610286554178,10.4362686308934,9.5,8,10.5,"train"
"GCA_003206715","Salinicola peritrichatus",7.24681933558374,5.17893972638931,9.67022019785033,6,4.5,8.5,"train"
"GCA_002863865","Ketobacter alkanivorans",7.07658575125247,5.32755028314311,8.7752938579742,7.5,6,9,"train"
"GCA_014645175","Marinomonas arctica",7.58954729645803,5.42828491066453,9.55779327069706,7.5,5,10,"test"
"GCA_004352855","Marinomonas sp004352855",7.09795553824564,4.9626697930616,8.95534487010035,7.3,5.5,9.5,"test"
"GCA_011058205","Acinetobacter fasciculus",7.76614076375156,5.40267178125436,9.83549245291633,8.25,6,11,"test"
"GCA_001676655","Perlucidibaca aquatica",7.19059654667401,5.13761815446445,9.41781515704309,7.5,6,10,"test"
"GCA_000428985","Marinobacterium litorale",7.49831942445219,5.88240571315872,9.13251954329576,9,5,12,"train"
"GCA_014641945","Marinobacterium zhoushanense",7.55263376800298,5.75918388964236,9.40115525695781,7,5.5,9.5,"train"
"GCA_001651805","Marinobacterium_A aestuarii",7.81613299621442,5.77901021180628,9.65900401236582,7.5,5,9,"train"
"GCA_001528745","Marinobacterium_A profundum",7.88778730051199,5.84665623053768,9.81159093478155,7.25,6,9,"train"
"GCA_009821115","Nitrincola alkalisediminis",8.25648581669095,6.15183463369001,10.0545098571669,9.5,7.5,11,"train"
"GCA_000691225","Nitrincola lacisaponensis",8.3022377681199,6.32145794058114,10.0506908588854,9,7.5,11,"train"
"GCA_002806975","Marinobacter aromaticivorans",7.94936902252882,6.21988577286563,9.90946384680041,7.5,5.5,9.5,"train"
"GCA_900106945","Marinobacter mobilis",7.47717430226307,5.76648115872728,9.34260208472118,7.25,6.5,9,"train"
"GCA_014201735","Marinobacter oulmenensis",7.99102203994237,6.20786190292791,9.81399068242766,6.75,5.5,9,"train"
"GCA_000347775","Marinobacter santoriniensis",7.30775998921176,5.624144050156,9.17059518582686,7.5,5.5,9,"train"
"GCA_900111555","Marinobacter segnicrescens",8.15140338881144,6.40062384178682,10.0399927870321,7.75,6,10,"train"
"GCA_900114775","Marinobacter zhejiangensis",7.66126644746616,5.87292923200755,9.63085838655307,7.25,6,9.5,"train"
"GCA_000410875","Halopseudomonas pelagia",8.16023572566621,6.19934400075294,10.3296390354388,7.8,6.5,9.1,"train"
"GCA_008638305","Halopseudomonas profundi",7.75866589593273,5.98827643744235,9.66626912864893,9,7,10,"train"
"GCA_000689415","Pseudomonas knackmussii",6.68212060379106,4.79455936955628,8.84067321100133,7.2,6,8.3,"train"
"GCA_014635625","Pseudomonas_E fluvialis",7.34494165702305,5.44549841142076,9.33313396131487,7.5,5,12,"train"
"GCA_004521985","Pseudomonas_E khazarica",7.53305592270454,5.59719690575949,9.80833474957639,6.5,3,10,"train"
"GCA_001439845","Pseudomonas_E lactis",7.30399935778865,5.22866384300225,9.5950897028035,6.5,5,8,"train"
"GCA_001439735","Pseudomonas_E paralactis",7.41164031997325,5.32910425680805,9.66880378306063,6.75,5,8,"train"
"GCA_000425785","Pseudomonas_E taiwanensis",7.15668460287505,5.05972308558469,9.30796712384286,7,4,9,"train"
"GCA_000425625","Stutzerimonas azotifigens",7.57700865523138,5.73086615404253,9.58645349045397,7.95,6.1,9.8,"train"
"GCA_003696285","Stutzerimonas nitrititolerans",7.68176427719444,5.87517361754283,9.63947579718838,8.5,6,11,"train"
"GCA_005876855","Stutzerimonas nosocomialis",7.61352373851304,5.83151413967624,9.65632120841592,8,5,10,"train"
"GCA_000421765","Thiopseudomonas caeni",7.86036521773274,5.88234812077896,9.78842581655463,7.5,6,10,"train"
"GCA_024170465","Natronospira proteinivora",8.28228654703044,6.74663680128747,10.1066833714087,9.5,8.5,10.25,"test"
"GCA_000934765","Thiomicrospira microaerophila",7.79582279297694,6.19035037726298,9.54191270658154,9,8,10,"train"
"GCA_004339015","Cocleimonas flava",7.24593570690657,5.48050971971797,9.00679303871362,9,5.5,11,"train"
"GCA_001677435","Woeseia oceani",7.78340922758551,5.89202594777611,9.84110533538921,7.5,6,9,"train"
"GCA_002591915","Marinicella litoralis",7.93792646757909,5.85859507415509,9.88519229126177,9,6,11,"train"
"GCA_001010355","Dyella japonica",5.68556662487313,4.04138971245707,7.93245930297341,6.85,5.6,8,"train"
"GCA_016865235","Dyella_B caseinilytica",5.13134697110212,3.72776340532783,7.4699337307313,7.25,5.5,9,"train"
"GCA_016904945","Dyella_B mobilis",5.30704459265421,3.74123558215004,7.61477180702102,5.75,4,7.5,"train"
"GCA_003024235","Arenimonas caeni",7.38733826806713,5.67997161884549,9.47692846953056,7.5,6,10,"train"
"GCA_014202825","Chiayiivirga flava",7.2045680750375,5.26756960030009,9.49207646255103,7,5,9,"train"
"GCA_014652935","Luteimonas_D padinae",7.29624017023474,5.53052983281622,9.51302648930534,7.25,5,9,"train"
"GCA_003382285","Lysobacter soli",6.7925881257755,5.09820414389843,9.02634601803762,7.25,5,11,"train"
"GCA_006546775","Lysobacter_C aestuarii",6.91703227712298,5.22334746575905,9.1190771294082,7,5.5,9,"train"
"GCA_010093305","Pseudoxanthomonas_A sacheonensis",7.24256947278575,5.49062033807576,9.64101215235511,7.5,6,9.5,"train"
"GCA_001431505","Stenotrophomonas daejeonensis",6.51219941232402,4.94162426765731,8.66513390100714,7.3,6,10,"train"
"GCA_002916695","Alkalispirochaeta alkalica",8.60763688867723,7.08488689924962,9.74349999906479,9.75,8,10,"train"
"GCA_002087085","Marispirochaeta aestuarii",7.91534128857857,6.48645675477469,9.40334954257732,7.75,6.5,8.6,"train"
"GCA_000219725","Gracilinema caldarium",7.74151652626873,5.97491312610688,9.40642654836574,7.35,5.8,8.5,"test"
"GCA_000266925","Acetomicrobium flavidum",7.06536073328316,5.23299528023313,8.85752413857541,6.95,5.4,8.7,"train"
"GCA_900107215","Acetomicrobium thermoterrenum",7.31161072981802,5.48015041542599,8.9598748481567,7.3,5.5,8.6,"train"
"GCA_000526375","Aminiphilus circumscriptus",7.4648145007018,6.30264949416392,8.91674450391624,7.1,5.5,8.5,"train"
"GCA_004366815","Aminivibrio pyruvatiphilus",7.64892520783725,6.14993815932417,9.1704087582792,7.3,6.4,8.4,"train"
"GCA_000233775","Thermovirga lienii",7.05252372276745,5.61840904757028,8.61411507445952,6.75,6.2,8,"train"
"GCA_003057965","Thermodesulfobium acidiphilum",5.31661570335168,3.93731166705425,6.90365509512096,4.9,3.7,6.5,"train"
"GCA_001547735","Thermosulfidibacter takaii",6.1282040959295,5.01807011338573,7.80220986370371,5.75,5,7.5,"train"
"GCA_009936215","Athalassotoga saccharophila",4.6174211032668,3.17468121395543,6.32030310207365,5.75,4.5,7.5,"train"
"GCA_000745455","Mesoaciditoga lauensis",5.73069653661266,4.30548809792617,7.10293346509539,5.6,4.1,6,"train"
"GCA_002895565","Petrotoga mexicana",8.22103997467756,6.43002329649551,9.61730391498828,6.6,5.8,8.5,"train"
"GCA_003185655","WN38 sp003185655",7.21077707472292,5.77210323076146,9.30632488559617,7.25,6,9,"train"
"GCA_014230055","Puniceicoccus vermicola",7.30868887893426,5.78350167959901,9.48592296777125,9,5,12,"test"
