"SubsetID","MinPD","MeanPD","MeanNND","SubsetType","SubsetSize"
1,1.68035454779688,16.1796282477342,7.59744343634102,"random",20
2,4.54952856248023,15.7966973012745,8.61974259824221,"random",20
3,5.18486292006918,16.0331305668966,8.57118085357403,"random",20
4,4.18487019987981,15.2476876721732,8.45512520852414,"random",20
5,2.87408706350793,15.481587223845,7.25890452756981,"random",20
6,3.4754604847504,15.5926113449712,8.15495232387447,"random",20
7,1.97958655465855,15.6215781131474,6.41516698542152,"random",20
8,2.13389460368603,16.668090829421,7.05318486209863,"random",20
9,3.04729442736422,16.8657309181482,8.04569985831603,"random",20
10,1.26119347253819,16.5310236083677,7.30471050558062,"random",20
11,2.27960979250829,15.7651350375673,7.61898940609763,"random",20
12,3.79222810585498,15.5834370766869,7.07177193720385,"random",20
13,5.62149649896259,15.8006061971779,9.04287371462699,"random",20
14,4.91157674613353,16.0667026550381,8.59662161359832,"random",20
15,2.08203417299618,16.8815596228148,7.44163206601991,"random",20
16,3.55574523384923,15.5353270501414,6.84331159471845,"random",20
17,1.93967839790682,15.5565268886993,8.01129056991595,"random",20
18,6.10236518660378,14.4399223741256,8.44335383115432,"random",20
19,2.39443279064379,16.4355947771333,9.18679306223584,"random",20
20,2.61496545009075,16.4191135215517,7.33855418833291,"random",20
21,2.63430480956756,15.7837544546968,6.24159924953187,"random",20
22,3.15419509652505,16.3630355915549,8.01166458751548,"random",20
23,2.51749487880417,14.7914685956194,7.8047136142627,"random",20
24,2.77683028390891,16.5563380631906,8.08265465710197,"random",20
25,3.84172261920737,14.6611243048419,6.83303810682447,"random",20
26,3.95573194125106,15.5370681954015,7.6732317704328,"random",20
27,1.87653453768362,15.2022622547404,7.027291162664,"random",20
28,2.20532485464113,15.0595880468724,6.98649163411439,"random",20
29,1.95831195471313,15.5214980675024,7.62601018303353,"random",20
30,1.97958655465855,17.0531585140689,6.62595079156576,"random",20
31,3.04721800575328,15.5434362562712,8.72687409247156,"random",20
32,1.87653453768362,15.0569941030646,6.75962291989596,"random",20
33,1.95831195471313,16.1119155612506,7.95485728121451,"random",20
34,1.61377969750604,16.5245472589295,8.84097103703385,"random",20
35,1.97958655465855,17.8563221185914,7.53849645532673,"random",20
36,3.12400382827298,16.5147354081708,6.77126479679461,"random",20
37,2.19353565754011,15.3837553638287,7.57302325353674,"random",20
38,4.2923787518962,15.9265013839485,7.64935531979397,"random",20
39,3.63164169185533,15.9947566763298,8.15217345164405,"random",20
40,1.9166730492831,16.3990718756539,7.01708515539653,"random",20
41,2.9001771277356,17.3391521072657,8.34928285665581,"random",20
42,1.7399938283345,16.5435513807081,6.64879416463421,"random",20
43,2.41254583984737,16.125452459958,5.96731996920152,"random",20
44,2.2263785676224,16.2769522997096,8.08563099671841,"random",20
45,1.99307908542183,14.3544225212041,6.89173486266902,"random",20
46,3.30114800705475,15.0628347968688,6.98981114592855,"random",20
47,2.05435449243238,15.4830715681816,8.25153858343117,"random",20
48,3.05610866946952,15.4311769594177,8.17442627399754,"random",20
49,1.79196450479048,16.2532532744923,9.47447803781531,"random",20
50,2.47351256580809,15.1118839191759,6.66837174239879,"random",20
51,2.44764077139533,15.5509740174994,8.33247795257214,"random",20
52,1.99853048664683,15.7992842551051,8.02930862964806,"random",20
53,1.97415025316146,15.0205307969756,6.69999319063858,"random",20
54,1.69760050933681,15.118521313564,8.07438597810812,"random",20
55,3.12995433627918,14.58330037762,6.44057735639381,"random",20
56,3.14179956410509,15.6790793500466,7.9987700286716,"random",20
57,3.34118790683666,16.2394658163577,7.97364336949838,"random",20
58,3.28962644132506,13.9188539968876,7.33697284677186,"random",20
59,1.43611861710392,15.1449177973417,7.01052987217287,"random",20
60,1.66927379317934,15.5121786677121,6.17093734147534,"random",20
61,3.18325794453292,15.876475952013,7.39462262570318,"random",20
62,3.63450902575542,15.6089452683162,8.05499949127995,"random",20
63,2.10929858480409,15.4399925880362,7.61178116922604,"random",20
64,2.33453199859224,16.0537137874447,6.86284142378416,"random",20
65,2.11114903196098,14.5884780083132,7.68357154942188,"random",20
66,4.048644271008,15.9396178525599,8.38388454791986,"random",20
67,3.44560589008333,15.8107561655734,7.55523064508586,"random",20
68,4.27123623985228,15.706711643257,8.73678231442213,"random",20
69,2.07490093886563,16.4721381004524,6.66486743742066,"random",20
70,2.38787294630387,15.1898188150843,8.07745288350013,"random",20
71,2.92863272774286,14.8266903901373,7.78690602796263,"random",20
72,2.88286396856654,15.2316816351589,8.0277440896653,"random",20
73,4.87300142596301,15.960254817418,7.7058494632555,"random",20
74,2.21094790061303,15.292536442294,7.76099966623241,"random",20
75,2.99492979228176,15.9073072263242,7.63981008167897,"random",20
76,6.59077995092269,15.6617753898482,8.38843495181472,"random",20
77,3.16742924980906,15.7920634963371,7.05081439185538,"random",20
78,2.11114903196098,14.7794817520464,7.55370325644225,"random",20
79,1.9166730492831,15.4821055001769,7.20748814883813,"random",20
80,1.98299152307399,15.4082977709448,6.76167867663592,"random",20
81,2.37798236091857,15.9068849388976,8.16063514889806,"random",20
82,4.02903979955818,16.598146844786,8.38750769624618,"random",20
83,2.08203417299618,17.2369086299103,7.12879316899449,"random",20
84,5.58279014657004,15.7092857896209,9.46045081346248,"random",20
85,3.02174043273453,16.5123786177394,7.52622323914476,"random",20
86,2.93015857746,14.3940549444838,6.98042024860983,"random",20
87,1.74593909469809,16.6375214000344,7.20101750708518,"random",20
88,3.19872952234363,16.2893355847825,8.13950425050065,"random",20
89,2.13929200736901,15.0719975276253,7.52759842613943,"random",20
90,2.91219123993923,17.0645935781485,7.80633674296803,"random",20
91,1.8428469426648,15.6910451800185,8.15328372045289,"random",20
92,3.17305613207445,15.8918696320819,7.54010726200112,"random",20
93,2.93015857746,15.3432088994841,8.14556719063335,"random",20
94,3.41659216008036,16.672050211972,6.92723591152693,"random",20
95,4.64753634936668,14.5350616298283,7.12466477780572,"random",20
96,2.02536124873684,16.4032828095128,7.78186217532941,"random",20
97,1.91937228360158,15.6022728188574,7.45108514241746,"random",20
98,3.2781023475322,16.2440200203502,8.39421784224513,"random",20
99,1.97488999419437,16.6909898678171,7.66749225265023,"random",20
100,2.37914150625221,15.7109014791644,7.10680331685592,"random",20
101,3.19872952234363,14.7552325558034,7.23542437623521,"random",20
102,1.7896462521649,17.5431597612905,7.0450244708292,"random",20
103,3.20896012268354,14.8446364793445,7.13189214896437,"random",20
104,2.11570949350587,16.1337899846002,8.47910443397429,"random",20
105,2.27485331769139,15.7878653801127,6.52008903442089,"random",20
106,2.56112218790627,16.3711754016366,7.01167548670453,"random",20
107,2.1015274448915,16.3414380704279,7.77980019903636,"random",20
108,2.10929858480409,14.6214877574307,6.76066472262351,"random",20
109,1.97488999419437,14.8255772596244,7.13519366886694,"random",20
110,1.66927379317934,16.9415978541812,7.71391143453275,"random",20
111,3.30114800705475,15.779831766071,8.66651325737874,"random",20
112,3.15358675703587,14.9894888608516,7.04641320741297,"random",20
113,4.31885730158275,15.2521802632742,7.89805496107115,"random",20
114,1.61377969750604,16.9230823812243,7.23871719673752,"random",20
115,1.98660397093342,15.9071649917504,7.91491609910908,"random",20
116,1.82348036439286,15.519562194728,5.81123762172702,"random",20
117,2.66789855093489,18.2172680700254,6.34585910695637,"random",20
118,2.11746719678948,15.8512140722868,7.489925143213,"random",20
119,4.03171805169137,15.5086868103623,7.40637399053371,"random",20
120,3.67234048738935,15.4092808126124,7.02827505903129,"random",20
121,2.11114903196098,15.9787872555269,7.67979188785742,"random",20
122,1.87653453768362,16.1527541747323,7.55903137192979,"random",20
123,2.17231794937923,14.4460721506442,5.4142840077005,"random",20
124,3.18259910666934,16.7707681065098,8.9123863767455,"random",20
125,2.51749487880417,14.8676689845143,5.85131390771547,"random",20
126,3.24453735701231,15.7461292295149,8.05967168926381,"random",20
127,3.02959247206135,18.2086410771402,8.08552482173035,"random",20
128,5.22126740338378,15.2271602578353,6.87301433306888,"random",20
129,2.47351256580809,15.2226311988784,6.03745877936404,"random",20
130,3.12995433627918,15.0449637954138,8.18774297030303,"random",20
131,2.17231794937923,15.2110430819172,7.13734080101739,"random",20
132,5.45730296689884,15.806467993179,8.66229639869995,"random",20
133,2.13389460368603,17.9102702209975,6.27687711458289,"random",20
134,2.05763309791303,15.8586736119606,8.21064506183583,"random",20
135,2.7165296725846,14.0609648998657,7.80114809270599,"random",20
136,1.97958655465855,16.1891943126236,7.20487566889318,"random",20
137,1.99307908542183,16.0977985729789,6.7088235776956,"random",20
138,5.52870078520941,16.1349937622845,8.91039754043094,"random",20
139,3.57165355705573,15.8725170482061,6.98899052355691,"random",20
140,3.99244970489693,15.0615621070197,8.02451650588061,"random",20
141,1.74593909469809,15.5080897573441,7.24438126839397,"random",20
142,3.40291499399711,15.0996860775195,8.52928891003,"random",20
143,2.92474915518256,15.8916374415463,7.1760128227164,"random",20
144,2.97383987169351,16.8958566579614,8.5333984895713,"random",20
145,3.16742924980906,15.9300711696767,7.95545700500919,"random",20
146,1.91257390936259,14.9032976941458,5.89893605397368,"random",20
147,5.25814107561936,15.7662722442879,8.73934441253038,"random",20
148,5.43892396533791,15.6889579979821,7.8374654109801,"random",20
149,2.11114903196098,14.9826685011173,6.91781093606436,"random",20
150,1.9166730492831,14.6457021092405,5.95297111398756,"random",20
151,2.47351256580809,14.3933269916802,7.46083408798452,"random",20
152,3.17801840776005,17.425418205408,7.83911907126088,"random",20
153,2.44764077139533,15.7724163112987,7.48651350469164,"random",20
154,1.89661884390779,15.8261655718262,6.45641820274069,"random",20
155,2.1015274448915,15.2318879441108,7.85038044632543,"random",20
156,1.61377969750604,15.6040393327403,7.96099223832663,"random",20
157,1.74593909469809,17.5472301839481,7.51515297637818,"random",20
158,3.69913804830396,14.6873431520468,7.16186112827155,"random",20
159,3.42666474307197,16.343974996152,8.41802793533193,"random",20
160,3.0660360797936,14.380707314021,8.01731183861412,"random",20
161,3.28075500830841,15.7925909427952,8.05399876906727,"random",20
162,3.22418697000455,15.9295470946397,6.9227178308779,"random",20
163,2.80283494814263,16.5255456613271,8.06940540443343,"random",20
164,4.72944971789649,16.1365208645984,7.4418555701801,"random",20
165,2.1165173206618,15.9270293184877,7.84981390492932,"random",20
166,4.41364856196433,15.3687884902863,7.20070568398009,"random",20
167,2.87408706350793,15.9971412441569,7.64270217016532,"random",20
168,3.56490767661582,16.5150271431568,9.2099508278196,"random",20
169,6.09899276227968,15.9853673122477,8.51944416107295,"random",20
170,2.40170997479353,16.3558290719867,7.64712053855448,"random",20
171,2.2263785676224,15.2028510888592,7.46647095032931,"random",20
172,4.72811848980183,16.2946868954578,9.20077683003606,"random",20
173,4.2761310578491,16.3689988010947,8.44960635086469,"random",20
174,3.02543541487058,16.4246179885949,8.28857416835168,"random",20
175,2.66789855093489,14.5106270115826,6.82764314794793,"random",20
176,1.74593909469809,16.7311328319267,6.8353815969452,"random",20
177,4.27885081213336,16.527166019586,7.96784664767537,"random",20
178,1.95831195471313,15.9734503544235,7.73431323743424,"random",20
179,4.8502644872162,15.5228903425068,7.7784487484953,"random",20
180,1.97488999419437,13.6650343802203,5.93071103296124,"random",20
181,3.33894607844506,16.4914879140178,7.25306646708703,"random",20
182,2.91602076888527,16.2263273313875,9.44437131213224,"random",20
183,1.4644749366483,14.9069751712269,7.40911829699059,"random",20
184,4.88884003505917,14.8199387946339,7.41589747824265,"random",20
185,2.37914150625221,16.0517997265388,7.45704833656513,"random",20
186,2.1015274448915,15.5198439695909,7.81902086199437,"random",20
187,3.02959247206135,15.169272477591,7.57450901900263,"random",20
188,2.13389460368603,16.1624018345976,7.39568017307977,"random",20
189,3.63164169185533,16.1236044415623,9.26877458385095,"random",20
190,3.0491753423015,15.629725677835,7.72015177500078,"random",20
191,1.89661884390779,16.1588692229174,7.18522495140068,"random",20
192,2.52704448045156,15.1033355611169,5.79330308792859,"random",20
193,3.66113914928708,15.5222191581415,7.15474924150209,"random",20
194,2.13389460368603,17.4627507187618,6.55848727141069,"random",20
195,4.19342865816555,16.9201532603238,7.72958874389892,"random",20
196,1.43611861710392,15.0618422741001,7.96387527522788,"random",20
197,3.40291499399711,15.5933603678593,7.54306389027098,"random",20
198,2.1165173206618,15.4739948035323,7.77243321800111,"random",20
199,1.89661884390779,16.0394138396779,6.4178948840123,"random",20
200,2.07490093886563,16.2054088469598,8.24154215621998,"random",20
201,2.91602076888527,14.5944190770229,7.45044102110232,"random",20
202,3.86057619055958,15.1556381240732,7.84558548456529,"random",20
203,3.73406425381581,16.0021249181495,7.23183137137339,"random",20
204,1.93967839790682,14.5440690008317,7.34911165527889,"random",20
205,3.01783757462815,16.3965609458482,8.29712696918633,"random",20
206,2.47351256580809,17.0800857835803,7.41487047270799,"random",20
207,4.2761310578491,16.0177099450724,7.75698058034111,"random",20
208,3.04721800575328,16.2513855947157,7.07158125691901,"random",20
209,3.63450902575542,15.9005379751059,6.28535552522867,"random",20
210,1.9166730492831,14.9382643683981,7.00652543712092,"random",20
211,2.67706630632206,16.4480249504297,7.46621223113925,"random",20
212,1.43611861710392,14.7150408396716,7.43575025504971,"random",20
213,2.45734619435526,15.8949649687172,6.92703166082908,"random",20
214,2.72242665141312,15.981262651022,7.42384742035977,"random",20
215,2.70917861073951,16.5174766857039,8.00733521801041,"random",20
216,2.61496545009075,15.7609726415243,7.03704187353643,"random",20
217,2.41254583984737,16.9573023701966,6.98612708428867,"random",20
218,2.05763309791303,15.2715630369064,7.92646956443873,"random",20
219,3.35952089826114,15.6480415097239,8.21022648443815,"random",20
220,4.60836514131065,16.6139168228845,9.33834055094468,"random",20
221,2.99492979228176,15.1723665784311,6.96049895860059,"random",20
222,2.08203417299618,15.9042658315216,7.47650765571395,"random",20
223,3.589614171367,15.2839004212336,6.95480389828603,"random",20
224,2.01043268462394,17.6395163560965,7.89869828949586,"random",20
225,3.02543541487058,15.3324566593621,5.4591212755545,"random",20
226,3.15419509652505,14.0465387952709,6.38902769030328,"random",20
227,1.98660397093342,14.5303835884014,6.69583972302394,"random",20
228,3.20896012268354,16.7949042976709,7.56126731706885,"random",20
229,3.44408614347892,16.3588126924276,6.46224755365197,"random",20
230,1.89381845091673,15.145856157496,5.9628288740037,"random",20
231,3.18259910666934,14.8906707861605,6.91088110081209,"random",20
232,3.52655183081742,15.3370887027158,7.93103967478731,"random",20
233,2.33453199859224,14.0811982461958,5.84043523176011,"random",20
234,5.04126649892033,15.8570059567791,7.8271853236895,"random",20
235,3.2781023475322,15.3508821303141,7.70592997737055,"random",20
236,2.80283494814263,13.9084594339366,5.80625412524667,"random",20
237,4.54156183720094,14.7788238800053,8.03679883959742,"random",20
238,3.26159038138787,15.3677290865141,6.34732895182785,"random",20
239,3.73218442009963,14.8123933547299,7.80354508831052,"random",20
240,2.88286396856654,16.2542703008352,7.84387990782414,"random",20
241,4.71543377788431,16.5732117704654,8.49427495378194,"random",20
242,3.15358675703587,15.4682493339318,7.93710319494631,"random",20
243,3.71769198710083,15.3895813162653,6.5553982726725,"random",20
244,1.87653453768362,15.5539927461478,6.70580762547396,"random",20
245,1.96287892273522,16.1805950835069,7.57358193615154,"random",20
246,2.45734619435526,13.2946168124916,6.48959403190141,"random",20
247,5.69244376289205,15.5151324932293,8.26967628306569,"random",20
248,2.58257737538476,15.7611267678029,7.28784930238542,"random",20
249,4.16997209501666,15.52364999549,7.58282043717557,"random",20
250,2.58257737538476,15.243864724983,6.00458493268187,"random",20
251,3.09413855144224,15.5674660402379,7.28834800275166,"random",20
252,4.21979733466255,14.4302105449967,7.86272441629921,"random",20
253,4.86109931740773,16.195971444103,8.11188488288449,"random",20
254,1.66927379317934,15.9472679578265,7.32205919024222,"random",20
255,4.61613054971519,16.179898730416,8.01052756488092,"random",20
256,3.0926960252834,16.8695532490132,8.79518790190623,"random",20
257,3.85603539359438,16.229795471004,7.85738636733566,"random",20
258,1.66927379317934,15.0282791442074,7.37424197075934,"random",20
259,5.29141301669429,14.1080981782456,8.05022057891942,"random",20
260,2.04598447856772,14.1446066125518,6.2987842667783,"random",20
261,3.39118561431268,16.4957789619513,8.01053270713231,"random",20
262,2.83022945651888,14.5402848182373,6.61273886604047,"random",20
263,2.59526565300116,15.293033077247,7.54469046110897,"random",20
264,5.24332291138232,17.4346363427388,8.53536094828612,"random",20
265,3.52655183081742,16.3726479216997,8.74713088182669,"random",20
266,1.49995737523236,16.4702114687998,8.33341890036457,"random",20
267,1.26119347253819,16.2637064217008,7.27091046943747,"random",20
268,2.17231794937923,14.4116478605761,6.31094872704962,"random",20
269,3.79222810585498,15.4830882402163,8.02654087413295,"random",20
270,4.09811127971644,13.415594907879,7.23351339207819,"random",20
271,2.37798236091857,15.1663315827979,5.46372038551352,"random",20
272,1.89661884390779,16.7025528534257,6.96066513386038,"random",20
273,2.9001771277356,17.3018964573882,8.03073583356653,"random",20
274,3.1251178785938,14.9376531102104,6.29225591873482,"random",20
275,3.99150808582185,15.3203115530828,7.59627384524333,"random",20
276,2.05424456776156,16.0415500238296,8.15316383786686,"random",20
277,3.02174043273453,16.9537409602497,7.54759946582229,"random",20
278,3.16742924980906,16.1042532131553,7.60799735724152,"random",20
279,1.96287892273522,15.5229137965591,6.79497981936208,"random",20
280,3.38991366980279,14.5716068423154,8.28722793389855,"random",20
281,1.7399938283345,15.8709938438011,7.80264557845299,"random",20
282,3.56490767661582,15.0963833752072,7.18222335799194,"random",20
283,2.25991292199689,15.5315230788748,7.01957562614047,"random",20
284,1.89661884390779,15.1291149464059,5.26735328110965,"random",20
285,3.61496706490815,14.900824961559,7.47762503156034,"random",20
286,1.30135916433591,15.2211234314836,7.25255740216327,"random",20
287,2.17231794937923,14.7421951582125,6.51477190057778,"random",20
288,1.61377969750604,15.026053167565,6.15335166152808,"random",20
289,3.17801840776005,15.7878770851943,7.96597104487619,"random",20
290,1.68035454779688,15.7670428462034,6.59180803726383,"random",20
291,2.8014141009861,16.1872786183107,7.56059004349319,"random",20
292,2.05435449243238,14.9242420487011,7.14413033543046,"random",20
293,3.63930817645386,14.9914508738019,7.45839319955407,"random",20
294,1.99307908542183,15.0580090380203,5.70789627091406,"random",20
295,2.38787294630387,14.5599381814516,6.61631302548565,"random",20
296,5.82644341948137,15.5702761008072,8.0565139075488,"random",20
297,5.68923144767431,17.1370982635143,9.60239241058568,"random",20
298,3.96038555726981,15.2019089661757,7.65522291893315,"random",20
299,3.22530776229405,16.1851656908905,8.30056776733711,"random",20
300,1.99264139155308,15.6258289436501,6.90733013226522,"random",20
301,2.51749487880417,16.6272629164655,7.42000742772402,"random",20
302,2.66789855093489,17.1118229979557,7.32894861923465,"random",20
303,2.08180156644771,15.7458165903515,7.14134653548576,"random",20
304,3.51592532282166,15.4028461202414,6.93341108926804,"random",20
305,4.83848017874163,15.5299085249565,8.15818831312921,"random",20
306,1.43611861710392,16.0180058653436,8.06360020253115,"random",20
307,2.38787294630387,15.0450609923599,7.33793489911391,"random",20
308,4.16145684579828,15.6408553330826,7.88527030870512,"random",20
309,2.11570949350587,16.1845008121975,7.10885060831222,"random",20
310,3.63930817645386,14.968974170002,8.38586680262491,"random",20
311,3.18259910666934,15.2628016615669,8.67039253778797,"random",20
312,2.52704448045156,15.9833859160067,7.62209125029284,"random",20
313,1.91257390936259,15.7315474371339,7.94629408339779,"random",20
314,3.02543541487058,16.0242658790494,7.37251992874444,"random",20
315,4.69330667531884,16.5446655261507,8.28136310438175,"random",20
316,3.01717289485265,15.6855596715106,6.65504860853702,"random",20
317,1.83870321829525,16.4523870825585,8.63198522458104,"random",20
318,2.33453199859224,17.3945560301476,8.25727943877985,"random",20
319,1.49995737523236,16.1083831228495,7.5082075178026,"random",20
320,2.01043268462394,15.8754759062307,7.10118594924899,"random",20
321,1.72491489229573,16.9658739993107,7.51429858381225,"random",20
322,1.78812118285955,16.3217304296285,8.87055233270815,"random",20
323,2.2263785676224,15.9188469072672,7.91788590854866,"random",20
324,5.41190098400282,15.0668958728409,7.92040385276617,"random",20
325,2.00462237738317,14.4791855368104,6.95569608356445,"random",20
326,2.89634558958702,14.7627482989921,6.3807990758736,"random",20
327,3.115166579739,14.632378668779,6.82205974760014,"random",20
328,1.99307908542183,15.5801725993604,6.40806703676571,"random",20
329,2.08203417299618,14.9555926853633,5.78182343437154,"random",20
330,2.52704448045156,15.1251634121647,7.80198193566468,"random",20
331,2.1165173206618,15.7587623407845,6.78947687112438,"random",20
332,1.79196450479048,15.7256722008089,7.03073816658784,"random",20
333,2.38787294630387,14.8790193452002,6.90536588293061,"random",20
334,2.21094790061303,15.704557759297,6.71059167642789,"random",20
335,3.40291499399711,14.9811062250702,7.72854100757379,"random",20
336,1.81917291247545,15.9795422292342,7.31673123982378,"random",20
337,3.27715086239498,15.6384627804698,7.25730586524311,"random",20
338,1.79196450479048,16.7028400774798,6.92418443298733,"random",20
339,1.9166730492831,14.1424208279494,7.14342522831028,"random",20
340,3.82297561104276,17.0664195547021,8.05860212109629,"random",20
341,3.28962644132506,16.4882677481751,8.24221910276778,"random",20
342,1.92153665104371,15.4890190386992,7.26671653748783,"random",20
343,1.89661884390779,17.5444764381614,8.71063491512347,"random",20
344,2.67425793135979,15.3620506441641,8.81785738317602,"random",20
345,5.18951184014892,16.1859218911006,8.37178974885932,"random",20
346,2.15021184379088,15.3522334854697,6.97224173441295,"random",20
347,6.26579831152986,17.2790173949152,10.0523742798313,"random",20
348,4.71767543761627,15.1110399500363,8.38852365564696,"random",20
349,5.26906054658186,14.8450626444985,8.28508044423019,"random",20
350,6.3545446025882,16.4316531823867,9.08538382773149,"random",20
351,4.27885081213336,16.7112730345746,8.30706854492642,"random",20
352,2.79905637102107,15.9642824934267,6.38863615937446,"random",20
353,2.45734619435526,15.8011890067898,7.84545231817151,"random",20
354,5.58672248700112,16.2366440628359,8.78797443366745,"random",20
355,3.63930817645386,15.0698835491873,7.43358075372465,"random",20
356,4.21703605544658,15.2501637329772,7.67274433548422,"random",20
357,4.02915349534734,14.3229654384025,7.09288876717952,"random",20
358,2.21094790061303,14.6974536572398,7.93520096719621,"random",20
359,3.68801894756555,16.2913732273316,8.1497199809523,"random",20
360,2.59037011617663,16.188054781858,7.58242301000977,"random",20
361,2.94197614692486,13.7382608802393,7.75946921411938,"random",20
362,2.91219123993923,15.3547397204299,7.81847014081223,"random",20
363,4.85314932124914,15.2036220706694,7.55664763918146,"random",20
364,4.08059137898233,15.8866944767148,7.08510823927646,"random",20
365,3.88806484220462,15.5796818631129,6.78509870041594,"random",20
366,3.05610866946952,16.0957253400449,8.25143882795311,"random",20
367,3.93583408403689,15.1350666173449,7.48242029207305,"random",20
368,2.9001771277356,15.2569777083781,7.13870575638554,"random",20
369,3.73218442009963,15.997777205273,7.95652839349572,"random",20
370,2.70962297736426,16.1057407816121,8.23447688398861,"random",20
371,1.53673045618534,15.3619750352385,6.67872588506469,"random",20
372,3.45988826095751,15.3589797974069,7.47668107708747,"random",20
373,2.56112218790627,15.0477814760156,7.07301132805218,"random",20
374,3.45988826095751,15.5444034995312,7.67681050036491,"random",20
375,2.87408706350793,13.7311161333926,6.83345593262869,"random",20
376,3.14233163388396,15.3747894829708,7.06075786768767,"random",20
377,3.39118561431268,16.4742882335061,7.54886767804512,"random",20
378,3.04729442736422,16.0543569252588,7.07967734345196,"random",20
379,1.95831195471313,15.7077854126823,7.97303951645794,"random",20
380,2.91602076888527,14.651770696906,6.87438938900984,"random",20
381,3.115166579739,15.9567206042881,7.64539706028044,"random",20
382,2.11114903196098,15.772755910858,8.28509714875825,"random",20
383,4.5612717464097,15.4940476550209,7.3200834265282,"random",20
384,2.52704448045156,15.5576213906561,7.19456970436442,"random",20
385,1.89661884390779,17.291309011871,6.35596912650747,"random",20
386,3.22785159410719,14.0443544520851,7.16844943146927,"random",20
387,4.47635969229344,15.4104916134611,7.74668683301762,"random",20
388,3.5390842069457,16.0103746970828,7.57798112560048,"random",20
389,3.0491753423015,14.9050193768487,6.87659566198923,"random",20
390,2.91615754182102,16.1748175182102,8.4284777192327,"random",20
391,2.2263785676224,14.7984726038298,7.7957288377789,"random",20
392,1.99853048664683,15.4892991860369,6.31395210394491,"random",20
393,3.82144976132562,15.7030764449309,7.50600397875299,"random",20
394,2.64003247489052,15.8039634510226,7.52426358768922,"random",20
395,2.67425793135979,15.8949585006363,6.56321789925749,"random",20
396,2.91219123993923,15.4219760301511,7.60624890993618,"random",20
397,2.56112218790627,14.4098842732059,7.99937697849634,"random",20
398,2.2263785676224,15.634447631444,6.45641328319509,"random",20
399,3.8369017259085,16.5282558337656,9.44833921308162,"random",20
400,3.79222810585498,15.4989320124574,8.76568900887234,"random",20
401,2.05763309791303,15.2870929419656,7.50781994846818,"random",20
402,5.32255182693814,15.8444169395614,8.45882233798267,"random",20
403,2.4537174062168,17.6666690339203,8.3494939481788,"random",20
404,2.08203417299618,15.5103496317193,7.03531331664912,"random",20
405,4.6697790967837,16.6591757926222,8.79313427265807,"random",20
406,5.44954596944527,16.8165205583732,9.08931139788267,"random",20
407,1.9166730492831,16.9595973394086,7.93208651033262,"random",20
408,3.18325794453292,16.3454300038974,8.62459297034131,"random",20
409,3.82297561104276,16.3463492015015,8.25097581579996,"random",20
410,1.72491489229573,14.4412758317374,6.79986421722292,"random",20
411,3.04089404114036,14.8197413897448,6.85153967015447,"random",20
412,1.4644749366483,15.1390408125081,7.60993882141169,"random",20
413,1.74593909469809,15.6382788235402,7.55768639628738,"random",20
414,3.55556374875558,15.7156971475929,7.17926317881831,"random",20
415,1.82348036439286,16.1732286525206,8.47524921525951,"random",20
416,1.93967839790682,15.8039217869163,7.84554209003918,"random",20
417,3.78723102609882,16.7575808714116,9.35913616005295,"random",20
418,2.40479651570207,15.3161072953285,8.13744258804585,"random",20
419,1.66927379317934,15.4117557135562,6.15902523258619,"random",20
420,3.1251178785938,16.2453811844452,7.76776821771041,"random",20
421,2.05763309791303,15.4521705587956,7.91221941503492,"random",20
422,2.56112218790627,16.4629596049648,8.23778631702118,"random",20
423,1.73889747555672,17.0499077363113,8.03449267051233,"random",20
424,1.99853048664683,15.0933859899731,7.98617459981236,"random",20
425,6.83757649962272,16.4811287988128,9.58598916768745,"random",20
426,1.79196450479048,15.4608607805743,8.0113230228703,"random",20
427,4.04761647530196,15.8975300381577,7.43865471738138,"random",20
428,2.53002391608256,15.5588357685257,7.53882073884478,"random",20
429,2.37798236091857,14.4218290205064,5.66501791402413,"random",20
430,2.27960979250829,15.6816091432498,7.37016165872729,"random",20
431,2.04598447856772,15.1213672904757,6.77235794713159,"random",20
432,3.4498561120828,15.7378130392798,7.70909241640235,"random",20
433,1.26119347253819,15.9261943322681,7.59739705309232,"random",20
434,3.95684038830787,15.2477903883822,7.99294863317641,"random",20
435,2.09983193110071,15.1945012516288,7.8248925839368,"random",20
436,1.8428469426648,15.2322277434236,7.83165864889928,"random",20
437,2.09983193110071,13.9306826520233,6.57361001210309,"random",20
438,3.09413855144224,15.7818138597604,8.32313862030567,"random",20
439,2.05763309791303,16.1282770400117,6.03913375169818,"random",20
440,2.40479651570207,17.6751702855036,8.92896858373164,"random",20
441,3.01783757462815,15.7043775599177,7.35240546074254,"random",20
442,2.09983193110071,15.9224470370681,5.89639729460352,"random",20
443,1.97415025316146,17.1116873968748,7.07986932712269,"random",20
444,2.51749487880417,16.8208368952825,8.24436069227693,"random",20
445,2.89625388052456,15.2054121819945,6.91358541600129,"random",20
446,1.92153665104371,16.8906674195904,7.33256891947381,"random",20
447,3.17305613207445,15.1078503308893,7.22746288511054,"random",20
448,1.30135916433591,14.1859967162207,6.08157193329854,"random",20
449,2.38787294630387,16.2689711916897,8.36992142637068,"random",20
450,4.88977600825158,15.2264238787975,7.72171367140426,"random",20
451,1.7399938283345,14.6554314412781,5.92350613579997,"random",20
452,4.94947366629129,14.7253341516395,8.27845870692926,"random",20
453,3.38991366980279,15.892695761649,9.32617975938324,"random",20
454,2.93015857746,17.1728448586283,9.17054621564523,"random",20
455,2.63430480956756,15.535308721574,6.90654245898819,"random",20
456,2.59526565300116,14.3752531036467,6.31057232372864,"random",20
457,2.10929858480409,16.0343122272239,8.22808915799896,"random",20
458,3.0660360797936,15.2860583943664,7.34689151559932,"random",20
459,2.15021184379088,16.9574473912757,7.35686286150979,"random",20
460,3.4754604847504,15.7614105823949,7.94359491299495,"random",20
461,2.33453199859224,17.2232417983101,7.07288110285261,"random",20
462,3.02359573723445,14.7558232749143,7.2755781882724,"random",20
463,5.18486292006918,15.9804007941804,8.18697790240559,"random",20
464,3.42666474307197,15.556699892606,7.03983361234813,"random",20
465,1.66927379317934,15.2077831129104,6.75450214811168,"random",20
466,3.35068695487451,16.1090337250002,8.67087607166386,"random",20
467,1.69760050933681,15.6087673737565,7.3048293409739,"random",20
468,1.26119347253819,16.6471557234142,8.23773889467003,"random",20
469,1.8428469426648,15.7659386022197,6.51947381889494,"random",20
470,2.91602076888527,15.0774260986213,7.94205422924975,"random",20
471,4.71543377788431,16.7752769122663,9.27591330107037,"random",20
472,4.47656428972438,16.1558880485598,8.04981562542467,"random",20
473,2.58257737538476,15.8965606110196,7.98302061899829,"random",20
474,2.11570949350587,16.4342675443484,8.21924857230758,"random",20
475,4.6612665609757,16.0934152686079,8.6467663359394,"random",20
476,2.86413541743783,15.2933721562264,7.40909346086164,"random",20
477,4.88884003505917,15.6150283427761,8.15813078975234,"random",20
478,2.79905637102107,15.3152437496167,7.52398257051171,"random",20
479,7.15185930023731,16.4116390689445,9.90149520140987,"random",20
480,1.92153665104371,15.6224053521097,6.9442760886202,"random",20
481,1.61377969750604,15.3359186409417,6.07961524183822,"random",20
482,3.37473982771813,17.3646327615724,7.04164290616996,"random",20
483,5.60361486686401,16.2969704321527,8.75605849918092,"random",20
484,6.35831211025453,17.2027897669645,8.27941434409315,"random",20
485,4.87300142596301,14.3729752503063,8.69227571366195,"random",20
486,1.26119347253819,17.1846565919434,6.52432086974626,"random",20
487,2.52704448045156,17.0483072816681,7.29454217341642,"random",20
488,4.74114625384501,17.0564984178007,8.18740951902559,"random",20
489,1.91937228360158,15.7952903649836,7.5648650500466,"random",20
490,2.25991292199689,15.5087522471615,7.21454589106056,"random",20
491,3.09413855144224,16.2854499976015,9.12320088040417,"random",20
492,4.2923787518962,16.3885206622789,7.86094656464497,"random",20
493,5.4528897670362,15.261693408774,7.88463893167983,"random",20
494,5.04895564718449,14.7851335184946,7.70722848612512,"random",20
495,2.11746719678948,15.8594145844354,6.15995461002422,"random",20
496,1.82348036439286,15.96378415438,6.56522872646906,"random",20
497,2.13389460368603,16.2691916778578,5.84888090090964,"random",20
498,3.82121768676666,16.6223419741473,7.0546592544473,"random",20
499,2.05435449243238,16.0900018179488,7.52163807472082,"random",20
500,1.43611861710392,15.665832318157,7.22670757959173,"random",20
501,3.22785159410719,15.5045883898419,6.92078288392529,"random",20
502,2.10929858480409,15.9190261859059,7.96206652460153,"random",20
503,2.40170997479353,15.5995783048341,6.92513955224149,"random",20
504,1.93967839790682,16.0357946511919,7.42878338175568,"random",20
505,4.09811127971644,15.2409220155266,7.0090740038379,"random",20
506,1.43611861710392,14.2671880094944,6.8010573892213,"random",20
507,2.70962297736426,16.0742725964918,8.82673982735615,"random",20
508,4.09811127971644,16.6464462808579,7.84699096781608,"random",20
509,3.01717289485265,16.0390709553142,6.90287443729367,"random",20
510,2.59037011617663,15.5428859253967,7.59136126504148,"random",20
511,1.91257390936259,16.5190660685868,8.34398307339961,"random",20
512,2.25991292199689,13.549983980207,6.57153254946051,"random",20
513,2.79905637102107,15.7865877545689,6.74260639075139,"random",20
514,5.97103569827094,16.5867323495809,9.01883015797053,"random",20
515,2.11746719678948,15.9814695500514,7.09091654227642,"random",20
516,3.09413855144224,15.68995411113,7.07390871160256,"random",20
517,2.07490093886563,17.2157173302185,7.59701246094135,"random",20
518,3.82121768676666,16.87019403192,7.03097646576922,"random",20
519,1.49995737523236,16.3691823312938,6.91951664825851,"random",20
520,2.11114903196098,16.2414136086432,7.89402445881189,"random",20
521,3.95337027378978,14.9934996592683,7.99769098381033,"random",20
522,2.72242665141312,15.7069719600026,7.07148045986401,"random",20
523,2.21094790061303,14.4306880671715,7.490406256494,"random",20
524,5.76673383259781,15.7887937401468,9.28257530098962,"random",20
525,3.3868263594136,17.0726384194578,8.48646491507797,"random",20
526,3.17749278102227,15.5512950450996,8.13763773525102,"random",20
527,1.79196450479048,14.6778901713876,7.09137017814186,"random",20
528,4.90646367316231,15.7026708457301,8.61154613023126,"random",20
529,1.97415025316146,16.5210087417752,7.47393087936121,"random",20
530,3.29870222482526,16.8781876580952,7.49686239176415,"random",20
531,5.17614168867636,15.087315920854,7.22807962801259,"random",20
532,1.93967839790682,15.0730302412433,7.5334207661665,"random",20
533,1.76953283718147,16.7652445562208,7.87844937493729,"random",20
534,2.37798236091857,16.4093162338467,7.20404696262718,"random",20
535,1.92153665104371,16.7122372740823,8.66068178473966,"random",20
536,2.08180156644771,17.4641774761191,7.15189526136848,"random",20
537,1.4644749366483,14.82365218461,6.40942137358968,"random",20
538,3.17302236610712,14.8338045882436,7.8817440418383,"random",20
539,1.66927379317934,14.8381803512289,6.98818925646844,"random",20
540,3.66949110290286,15.1398156273893,7.83656089800855,"random",20
541,5.02874420663817,14.5740288078954,7.75434798069361,"random",20
542,2.9001771277356,15.8543641959747,7.40209826431093,"random",20
543,1.81917291247545,15.1584720151436,6.16747980546171,"random",20
544,4.19342865816555,15.0642794448156,8.1217630656263,"random",20
545,1.43611861710392,14.6468010603313,7.80945838736778,"random",20
546,3.14179956410509,15.6637501177839,6.99820093453055,"random",20
547,2.08180156644771,16.0859723326263,6.881832202727,"random",20
548,4.37441776679456,16.307391554762,8.75875423070909,"random",20
549,1.99264139155308,16.4135514652241,6.9394796985979,"random",20
550,1.87653453768362,15.2942484493957,6.47651132072144,"random",20
551,1.30135916433591,18.9007405406281,7.22961549030557,"random",20
552,2.00462237738317,16.1214987769139,7.2481431961949,"random",20
553,2.08180156644771,14.3951616224492,6.99802086967231,"random",20
554,4.20692810889552,15.8934419976653,8.39804517852344,"random",20
555,1.74593909469809,15.2704048053409,7.56004390425944,"random",20
556,2.87408706350793,15.7661166681807,7.84918587575658,"random",20
557,3.15419509652505,16.2399156871097,8.00597019869293,"random",20
558,1.89381845091673,16.0038365825726,6.8874858778497,"random",20
559,4.12970636546859,16.2214855956588,7.69015216721091,"random",20
560,5.39150002076334,14.0579731319389,8.33999349290954,"random",20
561,2.21094790061303,16.8196554874941,8.43269515049244,"random",20
562,3.86181548706945,15.4002891863466,8.7440455513655,"random",20
563,2.05763309791303,13.9800756021665,6.35036311572029,"random",20
564,1.91257390936259,15.5708697601667,7.2814551795237,"random",20
565,2.39443279064379,16.5743057667014,7.25831338606309,"random",20
566,2.01043268462394,15.7967787733327,7.30088723769259,"random",20
567,4.16145684579828,15.6912603071409,7.59201130560241,"random",20
568,3.18325794453292,15.884887283472,8.27362469695145,"random",20
569,2.72442774650451,15.9234693858438,5.90196442737479,"random",20
570,3.74702294552338,16.1082501133207,7.73140079260469,"random",20
571,1.53673045618534,14.8495783787798,5.77876338727992,"random",20
572,3.03591085047812,16.1442338573259,8.18923804068015,"random",20
573,4.75296130509562,15.9376515545069,7.63499347057967,"random",20
574,1.79757796244722,15.0008867054875,7.53575711913819,"random",20
575,3.28075500830841,16.3267045516149,7.25589141690855,"random",20
576,2.37914150625221,16.3879815626755,7.28810349342766,"random",20
577,1.91937228360158,15.8734876881215,8.75121058053849,"random",20
578,4.36737960788114,15.7793924744023,7.31219038701603,"random",20
579,2.70917861073951,15.923543576452,7.72515501417226,"random",20
580,3.5390842069457,15.8235318106011,7.42461301209337,"random",20
581,1.99853048664683,16.6747394016826,7.11962608242799,"random",20
582,1.69760050933681,16.1916483972924,7.37784459731322,"random",20
583,3.94273876122635,14.1763479833294,6.67114705362879,"random",20
584,2.13929200736901,14.6956704749529,6.42653137728646,"random",20
585,3.44408614347892,15.753440840394,6.57682638347555,"random",20
586,5.23395311199861,16.4302321941297,9.20976735742124,"random",20
587,2.29874814968121,15.5648348429302,6.12292873707642,"random",20
588,1.89381845091673,16.5792846658496,6.03079702878316,"random",20
589,3.21219184930479,16.8745974978644,7.83167158157182,"random",20
590,3.99244970489693,16.1120216312662,8.35821622932066,"random",20
591,3.04089404114036,14.6841194158249,6.72960217378214,"random",20
592,1.72491489229573,15.9637423045293,7.47547756096405,"random",20
593,2.37798236091857,14.3342668289254,5.42273895854606,"random",20
594,3.18259910666934,16.7120353646641,7.94461594674492,"random",20
595,1.98660397093342,14.9561641428584,7.45375417099252,"random",20
596,2.1165173206618,16.1907929570879,6.93927279054373,"random",20
597,3.45988826095751,16.115625597663,7.92163084430249,"random",20
598,2.45734619435526,15.0353514880834,8.76602166735651,"random",20
599,1.89661884390779,15.4336911152024,7.09489855323477,"random",20
600,3.04089404114036,16.5965420132053,7.8701162394416,"random",20
601,2.9001771277356,15.0674650373887,7.9820071247071,"random",20
602,2.83022945651888,14.8277501086577,7.85323113304457,"random",20
603,2.05435449243238,15.6329468164899,7.64119316154832,"random",20
604,3.34118790683666,14.9837808690472,7.7858175160268,"random",20
605,3.66113914928708,15.8487192557731,7.88121092230044,"random",20
606,3.12995433627918,15.0358971530649,6.84910029252406,"random",20
607,1.61377969750604,13.9845837375406,5.71306349442045,"random",20
608,1.96287892273522,16.7084521825193,5.99019346552631,"random",20
609,2.70917861073951,16.7028910899452,7.63468288974948,"random",20
610,3.03591085047812,15.0272735569821,6.18899618952028,"random",20
611,5.23636090337572,15.5047281970802,7.81481847625617,"random",20
612,5.02874420663817,14.9435749868537,8.07510746575974,"random",20
613,2.70962297736426,16.9646986078046,7.40565287317322,"random",20
614,2.38787294630387,15.5755679343716,6.76734326136279,"random",20
615,4.18487019987981,15.9167001397081,7.21160023719391,"random",20
616,1.68035454779688,16.3440019596263,6.4614017660126,"random",20
617,3.42666474307197,14.7415389032125,7.6280782531054,"random",20
618,4.35408473606607,16.2826783000209,8.29463283832661,"random",20
619,3.35952089826114,16.0993825975195,8.02809113180918,"random",20
620,2.05424456776156,15.3690238204426,7.05792972319695,"random",20
621,2.11746719678948,15.5085607158982,7.77282065382104,"random",20
622,1.81917291247545,16.4667869913637,6.48197735902776,"random",20
623,3.18259910666934,15.0380443519353,7.4580106410259,"random",20
624,4.79462934443977,16.3591077136851,8.26178242078146,"random",20
625,1.78812118285955,15.4952775484073,7.82239535110264,"random",20
626,1.97415025316146,15.5525678599011,7.17968157800007,"random",20
627,4.72615299453919,15.6058904877405,8.07495793503491,"random",20
628,5.58433146204962,15.9529867600167,8.28249809682577,"random",20
629,3.35952089826114,14.7759232616912,7.85434977722048,"random",20
630,1.49995737523236,15.130891794569,6.83594250079231,"random",20
631,2.39443279064379,15.4859001439938,6.64344245018816,"random",20
632,1.26119347253819,16.4307272378783,8.61713827807133,"random",20
633,2.66789855093489,15.4472624757198,7.30271343076406,"random",20
634,1.43611861710392,13.9270308075351,7.02839361405005,"random",20
635,1.76953283718147,15.9147030809469,7.00920269115814,"random",20
636,1.69760050933681,15.2526908221832,7.89294507183342,"random",20
637,2.81839841328342,16.7744682361179,8.03569474245969,"random",20
638,4.89165692318885,16.31332304736,8.47804184285412,"random",20
639,5.70661565028112,17.0459257172129,7.91748265046373,"random",20
640,1.98299152307399,16.9734549380775,7.59789401557666,"random",20
641,1.43611861710392,15.4680859928116,5.87546425135139,"random",20
642,5.96015146550087,16.337525971267,8.61731024450982,"random",20
643,3.17801840776005,16.8770514595579,8.23688703481225,"random",20
644,4.49156157809233,16.7452815456107,7.90860865356016,"random",20
645,4.46993189260739,16.827854857137,8.17503777354189,"random",20
646,3.55771122127932,15.6080464199874,8.45647598136649,"random",20
647,2.87408706350793,14.8839528600601,6.93266499190708,"random",20
648,3.41659216008036,15.1525279553971,7.55319536905803,"random",20
649,1.93967839790682,13.6815033975044,6.39271568685445,"random",20
650,4.3229610795209,15.9868437604913,8.18065213770873,"random",20
651,3.17302236610712,15.1696486451911,6.9930391199606,"random",20
652,2.11114903196098,14.3000052614989,5.77524736183028,"random",20
653,3.79242919679084,16.0127180125067,8.1542376600071,"random",20
654,2.25991292199689,15.0321731056523,7.83821584856716,"random",20
655,5.23468266475892,16.561487179132,8.75662804328791,"random",20
656,3.41659216008036,16.0832399393887,7.32360983224333,"random",20
657,1.68035454779688,17.6277665262366,6.57268411886198,"random",20
658,2.80283494814263,15.5210668392145,6.84874921262903,"random",20
659,5.77394247338236,17.0030944989169,8.18433790006096,"random",20
660,1.82348036439286,16.5279590927913,8.77013261009746,"random",20
661,3.29870222482526,15.9640541462174,8.2303266803762,"random",20
662,3.35597998329006,16.4428348896185,7.97926900112059,"random",20
663,3.74702294552338,16.4983248313516,6.87771840666316,"random",20
664,2.39063548189024,15.3689281076238,7.82057218917063,"random",20
665,2.20532485464113,14.9140828423385,7.34025827187541,"random",20
666,2.27960979250829,15.8836434966721,7.94323741598676,"random",20
667,3.0660360797936,14.7715926910258,6.34455030307582,"random",20
668,2.77683028390891,15.2065163402733,6.79302437429714,"random",20
669,5.24293283522987,16.8350517268671,8.57372550306464,"random",20
670,5.35109088146871,16.4429373541734,9.08232383916274,"random",20
671,2.63430480956756,15.6223631093452,7.13928591142459,"random",20
672,1.4644749366483,15.7735127983204,4.35340143285495,"random",20
673,2.70917861073951,16.4375126551664,7.46198092759212,"random",20
674,1.53673045618534,15.9645900669718,7.6438787507506,"random",20
675,3.64871850628413,15.7372016002099,8.05420860410469,"random",20
676,3.64871850628413,16.3193495969876,7.68586835411792,"random",20
677,5.30477992590193,15.9864816867203,8.49829106818182,"random",20
678,1.98660397093342,15.9322967750112,6.17633420960041,"random",20
679,1.89381845091673,16.4726251815284,7.51670241729862,"random",20
680,2.2263785676224,17.6577484125394,8.74445944514489,"random",20
681,4.70131748525522,14.8278786998523,7.88946061332118,"random",20
682,1.81917291247545,15.9343303903982,7.30791624334826,"random",20
683,5.22321265896666,15.8460098426735,8.76226654267446,"random",20
684,3.79222810585498,14.4377747573899,7.38271581498366,"random",20
685,2.52704448045156,15.3435776718509,7.26737220471684,"random",20
686,3.0926960252834,15.4100461929141,7.31755150950346,"random",20
687,3.86725396554771,16.2089296314525,8.74493301500367,"random",20
688,1.73889747555672,15.8523958492914,8.91567467238387,"random",20
689,3.79242919679084,15.0076724520099,8.12714652705117,"random",20
690,1.73889747555672,14.7384215494616,6.8459414783576,"random",20
691,1.69760050933681,15.6882691939463,7.6846650129763,"random",20
692,4.21979733466255,14.8243125384855,7.947194739212,"random",20
693,2.37798236091857,14.3972118220043,6.56613974287825,"random",20
694,2.92474915518256,18.4818760233594,6.64033634358194,"random",20
695,4.90646367316231,16.019879762994,8.33388766765475,"random",20
696,2.44764077139533,16.009204210931,7.122789775283,"random",20
697,3.73218442009963,15.4241783901948,7.91729265099898,"random",20
698,3.04089404114036,15.3612476189523,7.04640036237491,"random",20
699,2.05763309791303,15.078639260799,7.07888169559066,"random",20
700,2.15021184379088,16.61461432566,7.25909438834993,"random",20
701,2.27960979250829,15.0693745581092,5.37115673189254,"random",20
702,2.21094790061303,14.9749093442197,7.86097258878646,"random",20
703,3.39118561431268,16.4820276705643,5.97599709248204,"random",20
704,2.20532485464113,14.4903299705541,7.55457024805663,"random",20
705,2.80283494814263,16.5417480980584,6.27926183874321,"random",20
706,3.115166579739,13.968294607774,6.98731171659133,"random",20
707,2.96086226395763,14.7356589536957,6.58480987137732,"random",20
708,2.15021184379088,15.5927543908078,6.27680569671711,"random",20
709,4.04761647530196,15.9821904279985,8.33572619776168,"random",20
710,2.61496545009075,14.128682709281,7.04052773590604,"random",20
711,2.87408706350793,16.3197505094404,8.40561476096918,"random",20
712,2.88286396856654,15.0798930318123,5.88342137543724,"random",20
713,2.1015274448915,16.4091474881414,7.13349394880476,"random",20
714,2.1015274448915,16.7085805333876,7.63338516789749,"random",20
715,2.33453199859224,16.113809256985,6.55909720129139,"random",20
716,3.15358675703587,14.7961468915226,6.7694875589637,"random",20
717,1.4644749366483,15.4068661507089,8.17441537354922,"random",20
718,3.66354750917044,15.0735160359458,7.63039152344146,"random",20
719,4.47438269409513,15.4048614027706,8.00312822729661,"random",20
720,4.36737960788114,14.9488624240278,7.48427763164098,"random",20
721,1.96287892273522,15.2735127058028,6.89828485261538,"random",20
722,1.98660397093342,13.8467185498839,6.8915766556988,"random",20
723,4.78567502570715,15.0956051919038,8.34955955308789,"random",20
724,3.41766147029899,15.5784756288493,7.72067145870342,"random",20
725,3.40828033469496,16.2074460456124,7.83907588189911,"random",20
726,2.37914150625221,16.9670795217233,7.3308874845208,"random",20
727,2.8014141009861,15.8069054087269,6.95823055560081,"random",20
728,4.48954527197984,16.2125454372911,8.29851363086892,"random",20
729,2.08203417299618,15.9869879383343,6.66990544458611,"random",20
730,2.41254583984737,17.5240411206751,8.80497778420379,"random",20
731,3.02959247206135,15.7011239591274,6.86459056587258,"random",20
732,1.95831195471313,15.0154607141323,6.99403228690944,"random",20
733,1.98299152307399,17.5734393082906,8.30950103804473,"random",20
734,2.51749487880417,15.5047583959488,8.16299063784127,"random",20
735,3.55556374875558,15.8512364352611,7.74179934747338,"random",20
736,1.30135916433591,16.1113836098498,6.77376403277268,"random",20
737,4.70131748525522,15.2734009658363,7.23968589825788,"random",20
738,3.93583408403689,16.0122736309043,8.68986159865757,"random",20
739,3.17801840776005,17.2870483879193,7.44000662627218,"random",20
740,1.53673045618534,14.3815751502559,5.34080132920099,"random",20
741,3.95337027378978,15.5350984990898,7.91208788318341,"random",20
742,2.05435449243238,14.3515960220118,6.86047937799738,"random",20
743,1.91937228360158,16.751093076392,8.46658630596828,"random",20
744,1.98660397093342,15.1303369569002,7.04838794428919,"random",20
745,3.94273876122635,16.5888468996493,7.47943458579049,"random",20
746,2.93015857746,16.769531442754,7.65537030557316,"random",20
747,1.87653453768362,15.285344631139,7.06570145950331,"random",20
748,3.62777659073226,15.2405547195731,7.3916763421582,"random",20
749,3.94613044857474,15.2540674290971,8.24335788510795,"random",20
750,3.03591085047812,16.7538015754731,7.94945238040103,"random",20
751,5.58279014657004,14.4197272044827,7.70278662569391,"random",20
752,4.20692810889552,16.6126884856636,8.76985118599601,"random",20
753,2.37914150625221,16.431676793178,8.55652679685479,"random",20
754,1.89381845091673,14.4369366952497,7.32960761081253,"random",20
755,3.47621100595663,16.6309088696858,8.35726687091537,"random",20
756,4.265459719378,15.0086180930823,8.09774181796629,"random",20
757,2.70917861073951,17.2338997666571,8.51883494031774,"random",20
758,2.80283494814263,15.9695921395951,6.62872584368898,"random",20
759,1.95831195471313,15.7453897440944,7.73565296415112,"random",20
760,5.56141266377233,15.3779849350504,8.22874432590916,"random",20
761,2.1165173206618,15.7253011701227,4.52220408184856,"random",20
762,1.26119347253819,15.2426810031835,7.11841214472047,"random",20
763,1.78812118285955,13.5681760723327,6.31413927450686,"random",20
764,2.96086226395763,15.6321433502082,7.24371716556359,"random",20
765,1.30135916433591,15.102625754452,5.65389138254539,"random",20
766,3.17302236610712,17.8340707924188,8.2345829544088,"random",20
767,1.7896462521649,15.181121565665,6.26129135600725,"random",20
768,3.04089404114036,16.1006428401282,8.18798261569287,"random",20
769,4.92099045701772,15.7253181613622,7.13695281493733,"random",20
770,2.92863272774286,15.4215036506255,7.89550034948719,"random",20
771,3.0491753423015,15.6509534835808,7.55058799822783,"random",20
772,1.87653453768362,15.2590843831565,7.04596520214601,"random",20
773,1.93967839790682,15.8530310030019,7.27077879893539,"random",20
774,1.73889747555672,15.9018740419435,7.35385223416852,"random",20
775,1.4644749366483,16.5392526572578,7.03252966962864,"random",20
776,1.8428469426648,15.8528108196354,7.52926213399105,"random",20
777,3.56490767661582,14.8750108001947,7.61078055361544,"random",20
778,2.86413541743783,16.077897779853,7.31904351545581,"random",20
779,4.048644271008,14.6193153440983,7.04387268373225,"random",20
780,5.21387120486094,15.9230897220581,8.45156002954184,"random",20
781,1.81917291247545,16.2679649256669,8.25362789230588,"random",20
782,1.61377969750604,15.7783490315251,7.77766974546046,"random",20
783,2.37798236091857,14.4117567474721,6.3095077115669,"random",20
784,3.17801840776005,15.6585452501731,7.83988757680644,"random",20
785,1.43611861710392,15.7600800532522,8.10986424480822,"random",20
786,2.27485331769139,17.2007591579189,7.58301845581875,"random",20
787,1.97488999419437,16.9854366729008,8.1988787243492,"random",20
788,4.43495301842339,15.4507479815352,7.91507381820477,"random",20
789,3.41766147029899,16.0458550338719,8.55209133045723,"random",20
790,5.41980522728362,16.099441151018,9.29512512440567,"random",20
791,4.91306003035472,16.7855029642304,8.27885963508659,"random",20
792,5.6335317289656,14.7010741978304,8.41077987576574,"random",20
793,4.64753634936668,15.3248963467975,7.99178430576325,"random",20
794,6.26759521791802,17.7172797991691,9.93957115618447,"random",20
795,3.38991366980279,14.3921843926148,6.75753037201621,"random",20
796,1.8428469426648,16.7516027093221,7.32173141193762,"random",20
797,6.08212253188486,15.6243844745208,8.52352180061246,"random",20
798,3.02359573723445,15.6165362122719,7.22180120689595,"random",20
799,2.44764077139533,14.8118967924772,8.14935752370754,"random",20
800,1.81917291247545,15.829630878509,7.62110509978253,"random",20
801,3.39118561431268,18.0208666458475,7.75168693602616,"random",20
802,2.21094790061303,15.149084766346,6.70915910570609,"random",20
803,2.07490093886563,16.5036616724187,8.76408885480547,"random",20
804,2.96086226395763,15.1981439961995,6.49405512068778,"random",20
805,2.80283494814263,17.2206345129072,8.56853396111435,"random",20
806,1.61377969750604,14.6159215729694,7.11116657089857,"random",20
807,2.40479651570207,16.7871539207042,7.80839115116409,"random",20
808,3.589614171367,16.1346438932419,7.07231748771241,"random",20
809,3.22418697000455,15.6084288047868,7.66627110140213,"random",20
810,3.69913804830396,15.334799594735,7.21478141288153,"random",20
811,3.3868263594136,15.9574610812324,8.59891458895201,"random",20
812,1.81917291247545,15.1515645509603,7.46990125715125,"random",20
813,1.99307908542183,15.2499773328226,7.6348934414098,"random",20
814,2.04598447856772,15.3829750362716,6.19220364104869,"random",20
815,2.91219123993923,15.8643194623295,7.29080454061656,"random",20
816,1.81917291247545,16.0685065286702,6.94836467923797,"random",20
817,2.20532485464113,16.0598434224101,7.34862876886751,"random",20
818,2.99492979228176,15.9743212767177,8.12730468975537,"random",20
819,4.8502644872162,15.3093863921974,7.74493748860008,"random",20
820,2.39443279064379,16.2989911153994,7.35532275407323,"random",20
821,3.94273876122635,15.084340065733,6.93061725075831,"random",20
822,3.20896012268354,15.2494190818796,7.5587598147567,"random",20
823,2.37322610843889,15.4033064879582,6.26193826412391,"random",20
824,1.93967839790682,15.7173439309749,7.9927126209368,"random",20
825,2.63430480956756,15.1875516377886,7.12171527575219,"random",20
826,4.61421307267952,16.5220554130692,8.05859221424372,"random",20
827,1.98299152307399,15.2562645331523,6.48644350690121,"random",20
828,4.85314932124914,14.8569640877444,7.98072082390864,"random",20
829,3.19872952234363,16.1910727494579,6.29616368276848,"random",20
830,3.42666474307197,14.8096622895285,7.66439996681003,"random",20
831,4.48954527197984,16.74869190474,7.90560370714829,"random",20
832,1.83870321829525,15.0834519750378,7.68567969924082,"random",20
833,3.22418697000455,15.6271947739536,7.53475296533683,"random",20
834,2.37798236091857,15.6919729797079,7.72261187992456,"random",20
835,3.09413855144224,14.6069414528305,7.81051177840297,"random",20
836,2.44764077139533,15.168319388451,6.47686926581776,"random",20
837,2.88571365384181,15.7122047187535,8.31761109596724,"random",20
838,3.55771122127932,15.3435064386072,7.55723756986505,"random",20
839,3.99248282545129,15.695976222176,7.80764927625357,"random",20
840,3.14233163388396,15.1983072870868,7.30039164639099,"random",20
841,3.13848542895204,16.8463865518912,7.95159009716976,"random",20
842,2.11114903196098,15.0166696022768,6.37363331434833,"random",20
843,2.4537174062168,16.4514559512951,7.41063797902556,"random",20
844,2.38787294630387,14.2994222304886,7.48178274843677,"random",20
845,2.13389460368603,17.4934578911741,7.82363344778794,"random",20
846,1.91257390936259,15.7578023256394,7.00044234151468,"random",20
847,1.9166730492831,14.3021337138839,6.10452626110654,"random",20
848,3.64871850628413,16.2591300875343,8.29873672072494,"random",20
849,4.72615299453919,14.7459768100615,7.87289688950245,"random",20
850,4.09811127971644,14.95611382085,7.42638646479094,"random",20
851,1.79196450479048,15.2226488441294,7.16917524454438,"random",20
852,3.24515596372893,16.3488370317125,8.90462635998202,"random",20
853,2.7165296725846,15.6055090532146,7.05341993932986,"random",20
854,3.63164169185533,14.7185660407965,7.49333395405483,"random",20
855,2.33453199859224,15.557689154623,7.33002012824694,"random",20
856,5.12875453058908,16.0872768712011,8.07246018798315,"random",20
857,2.1165173206618,15.6434132893454,7.2381026476944,"random",20
858,2.13929200736901,16.2658302669997,7.42539588165277,"random",20
859,2.89243859703316,14.0941692198774,7.3306127379279,"random",20
860,1.76953283718147,15.3031748807094,5.91466393975607,"random",20
861,4.04761647530196,15.8931642592933,7.51624577698317,"random",20
862,1.7399938283345,16.5710259618041,6.75764089408068,"random",20
863,1.68035454779688,14.6387838068103,5.99107829742085,"random",20
864,3.58549416921003,17.9608939263827,9.25337050662884,"random",20
865,2.39063548189024,16.6584987330192,7.66726016247464,"random",20
866,1.82348036439286,16.9149305761643,8.66723096193127,"random",20
867,2.1015274448915,14.1872939544478,5.80725781624671,"random",20
868,2.39063548189024,16.8773946706318,7.61891047610898,"random",20
869,3.35597998329006,16.4496346028412,8.4145118935071,"random",20
870,2.28773380307357,13.8782470017844,6.46414026695081,"random",20
871,3.55729787590558,15.2070526613841,7.89687922452742,"random",20
872,3.99150808582185,17.1049612887111,7.71261541642236,"random",20
873,2.05424456776156,15.283584002817,7.19330268520207,"random",20
874,2.47351256580809,15.1486295924334,5.86277581769333,"random",20
875,1.99853048664683,16.1405439191255,7.74096852143663,"random",20
876,2.80283494814263,15.6630652864465,6.55922237270388,"random",20
877,2.39063548189024,16.962267990114,7.1134192858589,"random",20
878,1.79196450479048,16.4313140578278,8.80909805610116,"random",20
879,1.72491489229573,16.0736280578533,6.85882378883411,"random",20
880,2.89243859703316,15.2597059887602,6.81732270625007,"random",20
881,4.74114625384501,16.3590970667557,8.6699924442109,"random",20
882,2.19353565754011,14.3814022556847,6.96432126616727,"random",20
883,1.82348036439286,14.6908585731169,5.61502355155872,"random",20
884,1.74593909469809,16.3334254241396,7.13728251469287,"random",20
885,2.72442774650451,15.8719064334754,6.30341345510207,"random",20
886,1.89661884390779,16.7397654726601,7.09767757243539,"random",20
887,4.49108248113938,15.7744284448744,8.19893918631523,"random",20
888,2.27960979250829,14.9742228473734,6.95511641641179,"random",20
889,2.27485331769139,16.2679981463199,7.06845821325301,"random",20
890,3.27715086239498,14.3815934761832,7.72343315921079,"random",20
891,5.11600458346254,16.7574489273149,7.95045745445415,"random",20
892,2.2263785676224,15.7324094988511,7.43292976879743,"random",20
893,4.54156183720094,14.044488814629,7.1678025453908,"random",20
894,2.39443279064379,15.0179249008709,7.56851836461571,"random",20
895,4.20465267064199,15.8346633799971,7.22436326581841,"random",20
896,3.03591085047812,16.7725853307322,7.73115560166519,"random",20
897,2.64003247489052,15.2805308064417,7.47683794121903,"random",20
898,2.52704448045156,14.3628763859381,7.44381067517913,"random",20
899,3.38603947334601,16.7116364205522,8.90145290567791,"random",20
900,1.79196450479048,15.1391724247623,6.97531708520249,"random",20
901,2.08180156644771,15.5424237713131,7.64187214293148,"random",20
902,3.41659216008036,16.934298341448,8.29543639199174,"random",20
903,3.17305613207445,17.2816608336148,7.05260464879817,"random",20
904,2.13389460368603,16.51086913843,6.96740421503957,"random",20
905,1.4644749366483,15.8169944350863,6.76481832043124,"random",20
906,1.87653453768362,16.1065636521156,7.94018565280402,"random",20
907,3.01783757462815,16.0479756793613,8.3757250014847,"random",20
908,4.74114625384501,17.6666064353461,7.88585521639694,"random",20
909,5.75442722704817,16.3248461174426,8.43612508066694,"random",20
910,2.11114903196098,14.262733051182,6.43426382511071,"random",20
911,2.39063548189024,15.4709759782672,7.93993636492649,"random",20
912,2.10929858480409,16.5306472475285,6.6040323780641,"random",20
913,3.82503167047947,16.6052703701304,8.24554645544387,"random",20
914,2.79905637102107,15.8204536927018,8.15944644746255,"random",20
915,5.0048383602462,15.4880504531594,9.37487689233266,"random",20
916,1.9166730492831,15.8428383498418,6.61491731674199,"random",20
917,3.63450902575542,15.4144592440271,7.3270582062819,"random",20
918,2.56112218790627,17.6026692749302,9.60942424078291,"random",20
919,1.98660397093342,14.7972040039748,5.78201471528292,"random",20
920,2.40170997479353,16.3118117126465,6.40234363389119,"random",20
921,2.13389460368603,16.8362513819116,7.19513167567832,"random",20
922,3.55556374875558,16.2104438179312,8.76383658387453,"random",20
923,1.7896462521649,16.0174657729545,6.12612011641374,"random",20
924,3.71769198710083,15.9633213496745,9.50024276583763,"random",20
925,3.81360128196185,16.3426062043587,8.16211413662864,"random",20
926,3.27715086239498,16.8216422796697,9.21127852344437,"random",20
927,3.86181548706945,14.5263545937989,8.13908672421178,"random",20
928,3.17302236610712,15.3719012374647,9.032320277892,"random",20
929,1.79757796244722,14.7342239446221,6.20080065699644,"random",20
930,5.04321253609272,15.336799871303,9.14753105133814,"random",20
931,1.95831195471313,17.2244295498648,7.40241076756912,"random",20
932,2.05763309791303,16.1811013011968,7.88198649816416,"random",20
933,2.25991292199689,15.2082685473948,8.05179448915213,"random",20
934,2.8014141009861,16.2324049851139,6.46452528065717,"random",20
935,1.92153665104371,16.3859659503291,7.49944300075389,"random",20
936,3.24453735701231,15.4366680413714,8.67991766037182,"random",20
937,1.69760050933681,13.8892305891906,5.22253848171741,"random",20
938,1.73889747555672,16.7065574991498,8.13855035588562,"random",20
939,2.2263785676224,15.6797926808503,7.62338875479658,"random",20
940,1.72491489229573,15.958126307422,6.36113240398592,"random",20
941,1.91257390936259,15.1690608159867,6.88677966269833,"random",20
942,1.99853048664683,15.0908241353042,6.49235204592822,"random",20
943,1.73889747555672,15.9968872689941,7.91790613867182,"random",20
944,1.7399938283345,15.1495326611248,6.42676280457121,"random",20
945,4.14301546629438,14.9651410052724,7.28135086601567,"random",20
946,2.67425793135979,15.2518362233125,6.36521248529842,"random",20
947,1.69760050933681,15.7018296503794,7.54090887450069,"random",20
948,2.39443279064379,16.3965965186134,7.56088494352636,"random",20
949,3.16742924980906,15.4519438266665,7.4879349737692,"random",20
950,4.69330667531884,16.2472121892078,8.19374674155755,"random",20
951,5.02874420663817,13.1554200342637,6.66665299447984,"random",20
952,2.11746719678948,15.7794248727834,6.32852929254851,"random",20
953,3.74702294552338,15.2926356476541,7.87412263887325,"random",20
954,2.05435449243238,15.0636759076164,8.01900082853433,"random",20
955,3.24453735701231,16.538468112283,8.02801237945352,"random",20
956,2.04598447856772,17.1331270024776,7.66688322693002,"random",20
957,3.03591085047812,15.2548795520947,8.13569852889249,"random",20
958,3.22530776229405,17.100745864659,7.88676622695757,"random",20
959,2.04598447856772,15.5925273523856,6.28219622595685,"random",20
960,3.44408614347892,16.4562878644955,8.0311181186837,"random",20
961,3.55556374875558,16.0095765407546,7.69806180920423,"random",20
962,2.05435449243238,15.0363527865222,6.36073948303271,"random",20
963,5.44596668932773,16.5682755152075,7.73403556951235,"random",20
964,2.47351256580809,15.8215908567285,8.03113688998713,"random",20
965,3.38991366980279,15.5459990780896,7.49184628332211,"random",20
966,4.47635969229344,15.3141512873964,7.56793841546678,"random",20
967,3.24515596372893,15.7197929218511,7.54644926667734,"random",20
968,1.82348036439286,14.8919177108377,6.86227253423039,"random",20
969,1.79757796244722,16.1863955520653,7.44818748290214,"random",20
970,2.96965930010057,15.2841481474462,6.7883921329663,"random",20
971,5.61000630376553,15.1741727866662,8.11988086356128,"random",20
972,3.82511766661443,14.8766681869349,8.46420548371957,"random",20
973,2.27960979250829,16.1697367287914,8.06367553463098,"random",20
974,5.02113244429616,16.0070557756147,8.02841931963857,"random",20
975,3.45988826095751,16.9154746472866,8.79728072790182,"random",20
976,4.04761647530196,15.2784952259194,7.87059931633982,"random",20
977,3.15419509652505,14.9963009024042,6.90778244220716,"random",20
978,3.33894607844506,15.5251830060265,7.70056903574922,"random",20
979,3.94273876122635,16.5102883404835,8.24655363694731,"random",20
980,1.97958655465855,16.0544915894948,6.91618191956997,"random",20
981,2.97383987169351,15.8869474076143,8.23851627499048,"random",20
982,4.34158540342959,16.6327648114445,9.20781616914739,"random",20
983,2.51749487880417,15.3531380986349,8.05950518340421,"random",20
984,3.17302236610712,14.8581131644335,7.02587933493149,"random",20
985,3.01118209032489,15.1977660436299,7.88755241159111,"random",20
986,4.18001981766427,15.2836440405788,8.06115698619698,"random",20
987,4.94947366629129,14.6360622360357,7.42852601312939,"random",20
988,3.57165355705573,15.7553980954855,6.82048198490872,"random",20
989,2.77683028390891,16.1556990175624,8.15253627811758,"random",20
990,3.03591085047812,14.9539177183501,7.14125673211745,"random",20
991,4.28728726844347,15.4963611346018,9.04304918311188,"random",20
992,2.47351256580809,17.3736561788191,6.93932283506448,"random",20
993,2.37322610843889,17.1824999823356,8.60532958146554,"random",20
994,3.30114800705475,14.5544371726388,7.31745409742996,"random",20
995,4.3229610795209,16.403327853822,8.24126088059408,"random",20
996,3.37473982771813,16.1725094920542,8.63180183453983,"random",20
997,2.08203417299618,15.8031044346446,7.37220770434548,"random",20
998,6.28933585096801,16.4592360202545,8.65697023148091,"random",20
999,2.96965930010057,16.3369162360589,7.75506806930726,"random",20
1000,2.45734619435526,14.1601826759024,6.96134443163364,"random",20
